com.mattjakeman.ExtensionManager	stable	flathub
com.microsoft.Edge	stable	flathub
com.moonlight_stream.Moonlight	stable	flathub
com.rtosta.zapzap	stable	flathub
com.valvesoftware.Steam	stable	flathub
io.github.shiftey.Desktop	stable	flathub
io.github.totoshko88.RustConn	stable	flathub
io.podman_desktop.PodmanDesktop	stable	flathub
org.darktable.Darktable	stable	flathub
org.fedoraproject.KDE5Platform	f44	fedora
org.fedoraproject.MediaWriter	stable	fedora
org.fedoraproject.Platform.CL.default	f44	fedora
org.fedoraproject.Platform	f44	fedora
org.fedoraproject.Platform.GL.default	f44	fedora
org.fedoraproject.Platform.Locale	f44	fedora
org.fedoraproject.Platform.VAAPI.Intel	f44	fedora
org.freedesktop.LinuxAudio.Plugins.Calf	25.08	flathub
org.freedesktop.LinuxAudio.Plugins.LSP	25.08	flathub
org.freedesktop.Platform	25.08	flathub
org.freedesktop.Platform	26.08	flathub
org.freedesktop.Platform.codecs-extra	25.08-extra	flathub
org.freedesktop.Platform.codecs-extra	26.08-extra	flathub
org.freedesktop.Platform.codecs_extra.i386	25.08-extra	flathub
org.freedesktop.Platform.codecs_extra.i386	26.08-extra	flathub
org.freedesktop.Platform.Compat.i386	25.08	flathub
org.freedesktop.Platform.Compat.i386	26.08	flathub
org.freedesktop.Platform.ffmpeg-full	24.08	flathub
org.freedesktop.Platform.GL32.default	25.08-extra	flathub
org.freedesktop.Platform.GL32.default	25.08	flathub
org.freedesktop.Platform.GL32.default	26.08-extra	flathub
org.freedesktop.Platform.GL32.default	26.08	flathub
org.freedesktop.Platform.GL.default	25.08-extra	flathub
org.freedesktop.Platform.GL.default	25.08	flathub
org.freedesktop.Platform.GL.default	26.08-extra	flathub
org.freedesktop.Platform.GL.default	26.08	flathub
org.freedesktop.Platform.VAAPI.Intel	25.08	flathub
org.freedesktop.Platform.VAAPI.Intel	26.08	flathub
org.freedesktop.Platform.VAAPI.Intel.i386	25.08	flathub
org.freedesktop.Platform.VAAPI.Intel.i386	26.08	flathub
org.freedesktop.Platform.VulkanLayer.gamescope	25.08	flathub
org.freedesktop.Platform.VulkanLayer.gamescope	26.08	flathub
org.freedesktop.Platform.VulkanLayer.MangoHud	25.08	flathub
org.freedesktop.Platform.VulkanLayer.MangoHud	26.08	flathub
org.freedesktop.Sdk	25.08	flathub
org.gimp.GIMP.Plugin.Resynthesizer	3	flathub
org.gimp.GIMP	stable	flathub
org.gnome.baobab	stable	fedora
org.gnome.Boxes.Extension.OsinfoDb	stable	flathub
org.gnome.Boxes	stable	flathub
org.gnome.Calculator	stable	fedora
org.gnome.Calendar	stable	fedora
org.gnome.Characters	stable	fedora
org.gnome.clocks	stable	fedora
org.gnome.Connections	stable	fedora
org.gnome.Contacts	stable	fedora
org.gnome.Extensions	stable	fedora
org.gnome.font-viewer	stable	fedora
org.gnome.Logs	stable	fedora
org.gnome.Loupe	stable	fedora
org.gnome.Maps	stable	fedora
org.gnome.NautilusPreviewer	stable	fedora
org.gnome.Papers	stable	fedora
org.gnome.Platform	50	flathub
org.gnome.Snapshot	stable	fedora
org.gnome.TextEditor	stable	fedora
org.gnome.Weather	stable	fedora
org.kde.KStyle.Adwaita	6.11	flathub
org.kde.Platform	6.11	flathub
org.mozilla.firefox	stable	flathub
org.strawberrymusicplayer.strawberry	stable	flathub
org.videolan.vlc	stable	fedora
