7zip	0:26.02-1.fc44	x86_64
aardvark-dns	2:1.17.1-1.fc44	x86_64
abattis-cantarell-fonts	0:0.301-17.fc44	noarch
abattis-cantarell-vf-fonts	0:0.301-17.fc44	noarch
abseil-cpp	0:20260107.1-1.fc44	x86_64
accountsservice	0:23.13.9-16.fc44	x86_64
accountsservice-libs	0:23.13.9-16.fc44	x86_64
acl	0:2.4.0-1.fc44	x86_64
adobe-mappings-cmap	0:20231115-5.fc44	noarch
adobe-mappings-cmap-deprecated	0:20231115-5.fc44	noarch
adobe-mappings-pdf	0:20190401-12.fc44	noarch
adobe-source-code-pro-fonts	0:2.042.1.062.1.026-9.fc44	noarch
adwaita-cursor-theme	0:50.0-1.fc44	noarch
adwaita-icon-theme	0:50.0-1.fc44	noarch
adwaita-icon-theme-legacy	0:46.2-7.fc44	noarch
adwaita-mono-fonts	0:50.0-1.fc44	noarch
adwaita-sans-fonts	0:50.0-1.fc44	noarch
alsa-lib	0:1.2.16.1-1.fc44	x86_64
alsa-sof-firmware	0:2025.12.2-1.fc44	noarch
alsa-ucm	0:1.2.16.1-1.fc44	noarch
alsa-utils	0:1.2.16-1.fc44	x86_64
alternatives	0:1.33-5.fc44	x86_64
amd-gpu-firmware	0:20260916-1.fc44	noarch
amd-ucode-firmware	0:20260916-1.fc44	noarch
anthy-unicode	0:1.0.0.20260213-1.fc44	x86_64
antiword	0:0.37-44.fc44	x86_64
appstream	0:1.1.3-1.fc44	x86_64
appstream-data	0:44-4.fc44	noarch
apr	0:1.7.6-5.fc44	x86_64
apr-util	0:1.6.5-1.fc44	x86_64
apr-util-lmdb	0:1.6.5-1.fc44	x86_64
apr-util-openssl	0:1.6.5-1.fc44	x86_64
aribb24	0:1.0.3^20160216git5e9be27-5.fc44	x86_64
atheros-firmware	0:20260916-1.fc44	noarch
atk	0:2.60.7-1.fc44	x86_64
at-spi2-atk	0:2.60.7-1.fc44	x86_64
at-spi2-core	0:2.60.7-1.fc44	x86_64
attr	0:2.6.0-1.fc44	x86_64
audit	0:4.2.1-1.fc44	x86_64
audit-libs	0:4.2.1-1.fc44	x86_64
audit-rules	0:4.2.1-1.fc44	x86_64
authselect	0:1.7.1-1.fc44	x86_64
authselect-libs	0:1.7.1-1.fc44	x86_64
avahi	0:0.9~rc2-8.fc44	x86_64
avahi-glib	0:0.9~rc2-8.fc44	x86_64
avahi-gobject	0:0.9~rc2-8.fc44	x86_64
avahi-libs	0:0.9~rc2-8.fc44	x86_64
avahi-tools	0:0.9~rc2-8.fc44	x86_64
b43-fwcutter	0:020-1.fc44	x86_64
b43-openfwwf	0:5.2-48.fc44	noarch
bash	0:5.3.9-3.fc44	x86_64
bash-color-prompt	0:0.7.1-3.fc44	noarch
bash-completion	1:2.17-2.fc44	noarch
bc	0:1.08.2-4.fc44	x86_64
bind-libs	32:9.18.50-2.fc44	x86_64
bind-utils	32:9.18.50-2.fc44	x86_64
bluez	0:5.87+1.git8750129efca8-1.fc44	x86_64
bluez-cups	0:5.87+1.git8750129efca8-1.fc44	x86_64
bluez-libs	0:5.87+1.git8750129efca8-1.fc44	x86_64
bluez-obexd	0:5.87+1.git8750129efca8-1.fc44	x86_64
bolt	0:0.9.11-1.fc44	x86_64
boost-atomic	0:1.90.0-7.fc44	x86_64
boost-chrono	0:1.90.0-7.fc44	x86_64
boost-container	0:1.90.0-7.fc44	x86_64
boost-date-time	0:1.90.0-7.fc44	x86_64
boost-thread	0:1.90.0-7.fc44	x86_64
bootc	0:1.16.10-1.fc44	x86_64
bootupd	0:0.2.35-1.fc44	x86_64
braille-printer-app	1:2.0~b0^386eea385f-11.fc44	x86_64
brcmfmac-firmware	0:20260916-1.fc44	noarch
brlapi	0:0.8.7-8.fc44	x86_64
brltty	0:6.8-8.fc44	x86_64
btop	0:1.4.7-1.fc44	x86_64
btrfs-progs	0:7.1-1.fc44	x86_64
bubblewrap	0:0.12.0-1.fc44	x86_64
buildah	2:1.43.4-1.fc44	x86_64
bzip2	0:1.0.8-23.fc44	x86_64
bzip2-libs	0:1.0.8-23.fc44	x86_64
c2esp	0:2.7-37.fc44	x86_64
ca-certificates	0:2026.2.90_v9.0.317-1.fc44	noarch
cairo	0:1.18.4-6.fc44	x86_64
cairo-gobject	0:1.18.4-6.fc44	x86_64
cairomm1.16	0:1.18.0-16.fc44	x86_64
capstone	0:5.0.6-4.fc44	x86_64
c-ares	0:1.34.8-1.fc44	x86_64
catatonit	0:0.2.1-5.fc44	x86_64
cdparanoia-libs	0:10.2-50.fc44	x86_64
checkpolicy	0:3.11-1.fc44	x86_64
chrony	0:4.9-1.fc44	x86_64
cifs-utils	0:7.7-1.fc44	x86_64
cifs-utils-info	0:7.7-1.fc44	x86_64
cirrus-audio-firmware	0:20260916-1.fc44	noarch
cjson	0:1.7.19-1.fc44	x86_64
clang15-libs	0:15.0.7-12.fc44	x86_64
clang15-resource-filesystem	0:15.0.7-12.fc44	x86_64
cldr-emoji-annotation	1:48.2-1.fc44	noarch
cldr-emoji-annotation-dtd	1:48.2-1.fc44	noarch
clevis	0:21-14.fc44	x86_64
clevis-luks	0:21-14.fc44	x86_64
clevis-pin-tpm2	0:0.5.4-1.fc44	x86_64
clinfo	0:3.0.25.02.14-3.fc44	x86_64
cmake-filesystem	0:4.3.0-1.fc44	x86_64
cockpit	0:367-1.fc44	x86_64
cockpit-bridge	0:367-1.fc44	noarch
cockpit-machines	0:356-1.fc44	noarch
cockpit-networkmanager	0:367-1.fc44	noarch
cockpit-ostree	1:225-1.fc44	noarch
cockpit-packagekit	0:367-1.fc44	noarch
cockpit-podman	0:130-1.fc44	noarch
cockpit-storaged	0:367-1.fc44	noarch
cockpit-system	0:367-1.fc44	noarch
cockpit-ws	0:367-1.fc44	x86_64
cockpit-ws-selinux	0:367-1.fc44	x86_64
code	0:1.139.0-1790100890.el8	x86_64
codec2	0:1.2.0-9.fc44	x86_64
colord	0:1.4.8-4.fc44	x86_64
colord-gtk4	0:0.3.1-6.fc44	x86_64
colord-libs	0:1.4.8-4.fc44	x86_64
color-filesystem	0:1-38.fc44	noarch
composefs	0:1.0.8-5.fc44	x86_64
composefs-libs	0:1.0.8-5.fc44	x86_64
compsize	0:1.5^git20250123.d79eacf-15.fc44	x86_64
conmon	2:2.2.1-2.fc44	x86_64
containers-common	5:0.67.2-1.fc44	noarch
containers-common-extra	5:0.67.2-1.fc44	noarch
container-selinux	4:2.251.0-1.fc44	noarch
coreutils	0:9.10-5.fc44	x86_64
coreutils-common	0:9.10-5.fc44	x86_64
cpio	0:2.15-9.fc44	x86_64
cpp	0:16.2.1-2.fc44	x86_64
cracklib	0:2.10.3-1.fc44	x86_64
cracklib-dicts	0:2.10.3-1.fc44	x86_64
criu	0:4.2.1-1.fc44	x86_64
criu-libs	0:4.2.1-1.fc44	x86_64
crun	0:1.28-1.fc44	x86_64
crypto-policies	0:20251128-3.git19878fe.fc44	noarch
crypto-policies-scripts	0:20251128-3.git19878fe.fc44	noarch
cryptsetup	0:2.8.8-1.fc44	x86_64
cryptsetup-libs	0:2.8.8-1.fc44	x86_64
cups	1:2.4.19-3.fc44	x86_64
cups-browsed	1:2.1.1-7.fc44	x86_64
cups-client	1:2.4.19-3.fc44	x86_64
cups-filesystem	1:2.4.19-3.fc44	noarch
cups-filters	1:2.0.1-17.fc44	x86_64
cups-filters-driverless	1:2.0.1-17.fc44	x86_64
cups-ipptool	1:2.4.19-3.fc44	x86_64
cups-libs	1:2.4.19-3.fc44	x86_64
cups-pk-helper	0:0.2.7-12.fc44	x86_64
curl	0:8.18.0-10.fc44	x86_64
cyrus-sasl-gssapi	0:2.1.28-35.fc44	x86_64
cyrus-sasl-lib	0:2.1.28-35.fc44	x86_64
cyrus-sasl-plain	0:2.1.28-35.fc44	x86_64
daxctl-libs	0:85-1.fc44	x86_64
dbus	1:1.16.2-1.fc44	x86_64
dbus-broker	0:37-8.fc44	x86_64
dbus-common	1:1.16.2-1.fc44	noarch
dbus-libs	1:1.16.2-1.fc44	x86_64
dconf	0:0.49.0-5.fc44	x86_64
default-editor	0:8.7.1-2.fc44	noarch
default-fonts-am	0:4.3-1.fc44	noarch
default-fonts-ar	0:4.3-1.fc44	noarch
default-fonts-as	0:4.3-1.fc44	noarch
default-fonts-ast	0:4.3-1.fc44	noarch
default-fonts-be	0:4.3-1.fc44	noarch
default-fonts-bg	0:4.3-1.fc44	noarch
default-fonts-bn	0:4.3-1.fc44	noarch
default-fonts-bo	0:4.3-1.fc44	noarch
default-fonts-br	0:4.3-1.fc44	noarch
default-fonts-chr	0:4.3-1.fc44	noarch
default-fonts-cjk-mono	0:4.3-1.fc44	noarch
default-fonts-cjk-sans	0:4.3-1.fc44	noarch
default-fonts-cjk-serif	0:4.3-1.fc44	noarch
default-fonts-core-emoji	0:4.3-1.fc44	noarch
default-fonts-core-math	0:4.3-1.fc44	noarch
default-fonts-core-mono	0:4.3-1.fc44	noarch
default-fonts-core-sans	0:4.3-1.fc44	noarch
default-fonts-core-serif	0:4.3-1.fc44	noarch
default-fonts-dv	0:4.3-1.fc44	noarch
default-fonts-dz	0:4.3-1.fc44	noarch
default-fonts-el	0:4.3-1.fc44	noarch
default-fonts-eo	0:4.3-1.fc44	noarch
default-fonts-eu	0:4.3-1.fc44	noarch
default-fonts-fa	0:4.3-1.fc44	noarch
default-fonts-got	0:4.3-1.fc44	noarch
default-fonts-gu	0:4.3-1.fc44	noarch
default-fonts-he	0:4.3-1.fc44	noarch
default-fonts-hi	0:4.3-1.fc44	noarch
default-fonts-hy	0:4.3-1.fc44	noarch
default-fonts-ia	0:4.3-1.fc44	noarch
default-fonts-ii	0:4.3-1.fc44	noarch
default-fonts-iu	0:4.3-1.fc44	noarch
default-fonts-ka	0:4.3-1.fc44	noarch
default-fonts-kab	0:4.3-1.fc44	noarch
default-fonts-km	0:4.3-1.fc44	noarch
default-fonts-kn	0:4.3-1.fc44	noarch
default-fonts-ku	0:4.3-1.fc44	noarch
default-fonts-lo	0:4.3-1.fc44	noarch
default-fonts-mai	0:4.3-1.fc44	noarch
default-fonts-ml	0:4.3-1.fc44	noarch
default-fonts-mni	0:4.3-1.fc44	noarch
default-fonts-mr	0:4.3-1.fc44	noarch
default-fonts-my	0:4.3-1.fc44	noarch
default-fonts-nb	0:4.3-1.fc44	noarch
default-fonts-ne	0:4.3-1.fc44	noarch
default-fonts-nn	0:4.3-1.fc44	noarch
default-fonts-nqo	0:4.3-1.fc44	noarch
default-fonts-nr	0:4.3-1.fc44	noarch
default-fonts-nso	0:4.3-1.fc44	noarch
default-fonts-or	0:4.3-1.fc44	noarch
default-fonts-other-mono	0:4.3-1.fc44	noarch
default-fonts-other-sans	0:4.3-1.fc44	noarch
default-fonts-other-serif	0:4.3-1.fc44	noarch
default-fonts-pa	0:4.3-1.fc44	noarch
default-fonts-ru	0:4.3-1.fc44	noarch
default-fonts-sat	0:4.3-1.fc44	noarch
default-fonts-si	0:4.3-1.fc44	noarch
default-fonts-ss	0:4.3-1.fc44	noarch
default-fonts-syr	0:4.3-1.fc44	noarch
default-fonts-ta	0:4.3-1.fc44	noarch
default-fonts-te	0:4.3-1.fc44	noarch
default-fonts-th	0:4.3-1.fc44	noarch
default-fonts-tn	0:4.3-1.fc44	noarch
default-fonts-ts	0:4.3-1.fc44	noarch
default-fonts-uk	0:4.3-1.fc44	noarch
default-fonts-ur	0:4.3-1.fc44	noarch
default-fonts-ve	0:4.3-1.fc44	noarch
default-fonts-vi	0:4.3-1.fc44	noarch
default-fonts-xh	0:4.3-1.fc44	noarch
default-fonts-yi	0:4.3-1.fc44	noarch
default-fonts-zu	0:4.3-1.fc44	noarch
desktop-backgrounds-gnome	0:44.0.0-2.fc44	noarch
desktop-file-utils	0:0.28-5.fc44	x86_64
device-mapper	0:1.02.212-2.fc44	x86_64
device-mapper-event	0:1.02.212-2.fc44	x86_64
device-mapper-event-libs	0:1.02.212-2.fc44	x86_64
device-mapper-libs	0:1.02.212-2.fc44	x86_64
device-mapper-multipath	0:0.13.1-1.fc44	x86_64
device-mapper-multipath-libs	0:0.13.1-1.fc44	x86_64
device-mapper-persistent-data	0:1.3.3-1.fc44	x86_64
diffutils	0:3.12-5.fc44	x86_64
distribution-gpg-keys	0:1.121-1.fc44	noarch
distrobox	0:1.8.2.5-1.fc44	noarch
djvulibre-libs	0:3.5.30-1.fc44	x86_64
dmidecode	1:3.7-1.fc44	x86_64
dnf5	0:5.4.5.0-1.fc44	x86_64
dnf5daemon-server	0:5.4.5.0-1.fc44	x86_64
dnf5daemon-server-polkit	0:5.4.5.0-1.fc44	noarch
dnf5-plugins	0:5.4.5.0-1.fc44	x86_64
dnsmasq	0:2.92rel2-9.fc44	x86_64
dns-root-data	0:2026260100-2.fc44	noarch
dosfstools	0:4.2-18.fc44	x86_64
dotconf	0:1.4.1-7.fc44	x86_64
double-conversion	0:3.4.0-3.fc44	x86_64
dracut	0:108-8.fc44	x86_64
duktape	0:2.7.0-11.fc44	x86_64
dymo-cups-drivers	0:1.4.0.5-25.fc44	x86_64
e2fsprogs	0:1.47.3-4.fc44	x86_64
e2fsprogs-libs	0:1.47.3-4.fc44	x86_64
edk2-ovmf	0:20260812-8.fc44	noarch
edk2-shell-x64	0:20260812-8.fc44	noarch
efibootmgr	0:18-11.fc44	x86_64
efi-filesystem	0:6-6.fc44	noarch
efivar-libs	0:39-12.fc44	x86_64
elfutils-debuginfod-client	0:0.196-1.fc44	x86_64
elfutils-default-yama-scope	0:0.196-1.fc44	noarch
elfutils-libelf	0:0.196-1.fc44	x86_64
elfutils-libs	0:0.196-1.fc44	x86_64
emacs-filesystem	1:30.2-2.fc44	x86_64
enchant2	0:2.8.19-2.fc44	x86_64
epiphany-runtime	1:50.6-1.fc44	x86_64
espeak-ng	0:1.52.0-3.fc44	x86_64
ethtool	2:7.1-1.fc44	x86_64
evolution-data-server	0:3.60.2-1.fc44	x86_64
evolution-data-server-langpacks	0:3.60.2-1.fc44	noarch
evolution-ews-core	0:3.60.2-1.fc44	x86_64
evolution-ews-langpacks	0:3.60.2-1.fc44	noarch
evtest	0:1.36-2.fc44	x86_64
exempi	0:2.6.4-9.fc44	x86_64
exfatprogs	0:1.4.3-1.fc44	x86_64
exiv2	0:0.28.9-1.fc44	x86_64
exiv2-libs	0:0.28.9-1.fc44	x86_64
expat	0:2.8.3-1.fc44	x86_64
f2fs-tools	0:1.16.0-10.fc44	x86_64
f44-backgrounds-base	0:44.0.0-1.fc44	noarch
f44-backgrounds-gnome	0:44.0.0-1.fc44	noarch
faad2-libs	1:2.11.2-6.fc44	x86_64
fdk-aac-free	0:2.0.3-2.fc44	x86_64
fedora-bookmarks	0:28-36.fc44	noarch
fedora-chromium-config	0:3.0-9.fc44	noarch
fedora-chromium-config-gnome	0:3.0-9.fc44	noarch
fedora-flathub-remote	0:1-12.fc44	noarch
fedora-gpg-keys	0:44-2	noarch
fedora-logos	0:42.0.1-3.fc44	noarch
fedora-logos-httpd	0:42.0.1-3.fc44	noarch
fedora-release-common	0:44-18	noarch
fedora-release-identity-silverblue	0:44-18	noarch
fedora-release-ostree-desktop	0:44-18	noarch
fedora-release-silverblue	0:44-18	noarch
fedora-repos	0:44-2	noarch
fedora-repos-archive	0:44-2	noarch
fedora-third-party	0:0.10-16.fc44	noarch
fedora-workstation-backgrounds	0:1.6-9.fc44	noarch
fedora-workstation-repositories	0:38-9.fc44	x86_64
ffmpeg-free	0:8.1.2-4.fc44	x86_64
fftw-libs-double	0:3.3.10-17.fc44	x86_64
fftw-libs-single	0:3.3.10-17.fc44	x86_64
file	0:5.46-10.fc44	x86_64
file-libs	0:5.46-10.fc44	x86_64
filesystem	0:3.18-52.fc44	x86_64
findutils	1:4.10.0-7.fc44	x86_64
fira-code-fonts	0:6.2-12.fc44	noarch
firewalld	0:2.4.4-1.fc44	noarch
firewalld-filesystem	0:2.4.4-1.fc44	noarch
flac-libs	0:1.5.0-8.fc44	x86_64
flatpak	0:1.18.2-1.fc44	x86_64
flatpak-libs	0:1.18.2-1.fc44	x86_64
flatpak-selinux	0:1.18.2-1.fc44	noarch
flatpak-session-helper	0:1.18.2-1.fc44	x86_64
flite	0:2.2-13.fc44	x86_64
fmt	0:11.2.0-4.fc44	x86_64
fontconfig	0:2.17.0-4.fc44	x86_64
fonts-filesystem	1:5.0.0-2.fc44	noarch
fpaste	0:0.5.0.0-4.fc44	noarch
fprintd	0:1.94.5-5.fc44	x86_64
fprintd-pam	0:1.94.5-5.fc44	x86_64
freeglut	0:3.8.0-2.fc44	x86_64
freerdp-libs	2:3.31.1-1.fc44	x86_64
freetype	0:2.14.3-1.fc44	x86_64
fribidi	0:1.0.16-4.fc44	x86_64
fstrm	0:0.6.1-14.fc44	x86_64
fuse	0:2.9.9-25.fc44	x86_64
fuse3	0:3.18.2-1.fc44	x86_64
fuse3-libs	0:3.18.2-1.fc44	x86_64
fuse-common	0:3.18.2-1.fc44	x86_64
fuse-overlayfs	0:1.17-1.fc44	x86_64
fwupd	0:2.1.7-1.fc44	x86_64
fwupd-efi	0:1.8-1.fc44	x86_64
fwupd-plugin-modem-manager	0:2.1.7-1.fc44	x86_64
fwupd-plugin-uefi-capsule-data	0:2.1.7-1.fc44	x86_64
gamemode	0:1.8.2-4.fc44	x86_64
game-music-emu	0:0.6.4-3.fc44	x86_64
gawk	0:5.3.2-3.fc44	x86_64
gawk-all-langpacks	0:5.3.2-3.fc44	x86_64
gcr	0:4.4.0.1-7.fc44	x86_64
gcr3	0:3.41.1-12.fc44	x86_64
gcr3-base	0:3.41.1-12.fc44	x86_64
gcr-libs	0:4.4.0.1-7.fc44	x86_64
gd	0:2.3.3-21.fc44	x86_64
gdbm	1:1.23-11.fc44	x86_64
gdbm-libs	1:1.23-11.fc44	x86_64
gdk-pixbuf2	0:2.44.6^really2.44.4-3.fc44	x86_64
gdm	1:50.3-1.fc44	x86_64
gdouros-symbola-fonts	0:10.24-19.fc44	noarch
geoclue2	0:2.8.2-1.fc44	x86_64
geoclue2-libs	0:2.8.2-1.fc44	x86_64
geocode-glib	0:3.26.4-15.fc44	x86_64
gettext	0:0.26-5.fc44	x86_64
gettext-envsubst	0:0.26-5.fc44	x86_64
gettext-libs	0:0.26-5.fc44	x86_64
gettext-runtime	0:0.26-5.fc44	x86_64
ghostscript	0:10.06.0-2.fc44	x86_64
ghostscript-tools-fontutils	0:10.06.0-2.fc44	noarch
ghostscript-tools-printing	0:10.06.0-2.fc44	noarch
giflib	0:6.1.3-2.fc44	x86_64
git-core	0:2.55.0-1.fc44	x86_64
git-core-doc	0:2.55.0-1.fc44	noarch
gjs	0:1.88.1-2.fc44	x86_64
glib2	0:2.88.3-1.fc44	x86_64
glibc	0:2.43-8.fc44	x86_64
glibc-all-langpacks	0:2.43-8.fc44	x86_64
glibc-common	0:2.43-8.fc44	x86_64
glibc-gconv-extra	0:2.43-8.fc44	x86_64
glibmm2.68	0:2.88.1-1.fc44	x86_64
glib-networking	0:2.80.1-4.fc44	x86_64
glusterfs	0:11.2-8.fc44	x86_64
glusterfs-cli	0:11.2-8.fc44	x86_64
glusterfs-client-xlators	0:11.2-8.fc44	x86_64
glusterfs-fuse	0:11.2-8.fc44	x86_64
glx-utils	0:9.0.0-11.fc44	x86_64
glycin-gtk4-libs	0:2.1.5-1.fc44	x86_64
glycin-libs	0:2.1.5-1.fc44	x86_64
glycin-loaders	0:2.1.5-1.fc44	x86_64
glycin-thumbnailer	0:2.1.5-1.fc44	x86_64
gmp	1:6.3.0-5.fc44	x86_64
gnome-app-list	0:3.0-4.fc44	noarch
gnome-autoar	0:0.4.5-4.fc44	x86_64
gnome-backgrounds	0:50.0-1.fc44	noarch
gnome-bluetooth	1:47.2-1.fc44	x86_64
gnome-bluetooth-libs	1:47.2-1.fc44	x86_64
gnome-browser-connector	0:42.1-14.fc44	x86_64
gnome-classic-session	0:50.4-1.fc44	noarch
gnome-color-manager	0:3.36.2-3.fc44	x86_64
gnome-control-center	0:50.4-1.fc44	x86_64
gnome-control-center-filesystem	0:50.4-1.fc44	noarch
gnome-desktop3	0:44.5-1.fc44	x86_64
gnome-desktop4	0:44.5-1.fc44	x86_64
gnome-disk-utility	0:46.1-4.fc44	x86_64
gnome-epub-thumbnailer	0:1.8-4.fc44	x86_64
gnome-initial-setup	0:50.1-1.fc44	x86_64
gnome-keyring	0:50.0-1.fc44	x86_64
gnome-keyring-pam	0:50.0-1.fc44	x86_64
gnome-menus	0:3.38.1-2.fc44	x86_64
gnome-online-accounts	0:3.58.1-1.fc44	x86_64
gnome-online-accounts-libs	0:3.58.1-1.fc44	x86_64
gnome-remote-desktop	0:50.2-1.fc44	x86_64
gnome-session	0:50.1-1.fc44	x86_64
gnome-session-wayland-session	0:50.1-1.fc44	x86_64
gnome-settings-daemon	0:50.1-1.fc44	x86_64
gnome-shell	0:50.5-1.fc44	x86_64
gnome-shell-common	0:50.5-1.fc44	noarch
gnome-shell-extension-apps-menu	0:50.4-1.fc44	noarch
gnome-shell-extension-background-logo	0:50.1-1.fc44	noarch
gnome-shell-extension-common	0:50.4-1.fc44	noarch
gnome-shell-extension-launch-new-instance	0:50.4-1.fc44	noarch
gnome-shell-extension-places-menu	0:50.4-1.fc44	noarch
gnome-shell-extension-window-list	0:50.4-1.fc44	noarch
gnome-software	0:50.4-1.fc44	x86_64
gnome-software-rpm-ostree	0:50.4-1.fc44	x86_64
gnome-system-monitor	0:50.0-1.fc44	x86_64
gnome-tour	0:50.0-2.fc44	x86_64
gnome-user-docs	0:50.5-1.fc44	noarch
gnome-user-share	0:48.3-1.fc44	x86_64
gnulib-l10n	0:20241231-2.fc44	noarch
gnupg2	0:2.4.9-16.fc44	x86_64
gnupg2-dirmngr	0:2.4.9-16.fc44	x86_64
gnupg2-gpg-agent	0:2.4.9-16.fc44	x86_64
gnupg2-gpgconf	0:2.4.9-16.fc44	x86_64
gnupg2-keyboxd	0:2.4.9-16.fc44	x86_64
gnupg2-scdaemon	0:2.4.9-16.fc44	x86_64
gnupg2-verify	0:2.4.9-16.fc44	x86_64
gnutls	0:3.8.13-1.fc44	x86_64
gnutls-dane	0:3.8.13-1.fc44	x86_64
gnutls-utils	0:3.8.13-1.fc44	x86_64
gobject-introspection	0:1.86.0-3.fc44	x86_64
google-droid-sans-fonts	0:20200215-24.fc44	noarch
google-noto-color-emoji-fonts	0:20250623-4.fc44	noarch
google-noto-emoji-fonts	0:20250623-4.fc44	noarch
google-noto-fonts-common	0:20251201-2.fc44	noarch
google-noto-naskh-arabic-vf-fonts	0:20251201-2.fc44	noarch
google-noto-sans-arabic-vf-fonts	0:20251201-2.fc44	noarch
google-noto-sans-armenian-vf-fonts	0:20251201-2.fc44	noarch
google-noto-sans-bengali-vf-fonts	0:20251201-2.fc44	noarch
google-noto-sans-canadian-aboriginal-vf-fonts	0:20251201-2.fc44	noarch
google-noto-sans-cherokee-vf-fonts	0:20251201-2.fc44	noarch
google-noto-sans-cjk-vf-fonts	1:2.004-11.fc44	noarch
google-noto-sans-devanagari-vf-fonts	0:20251201-2.fc44	noarch
google-noto-sans-ethiopic-vf-fonts	0:20251201-2.fc44	noarch
google-noto-sans-georgian-vf-fonts	0:20251201-2.fc44	noarch
google-noto-sans-gothic-fonts	0:20251201-2.fc44	noarch
google-noto-sans-gujarati-vf-fonts	0:20251201-2.fc44	noarch
google-noto-sans-gurmukhi-vf-fonts	0:20251201-2.fc44	noarch
google-noto-sans-hebrew-vf-fonts	0:20251201-2.fc44	noarch
google-noto-sans-kannada-vf-fonts	0:20251201-2.fc44	noarch
google-noto-sans-khmer-vf-fonts	0:20251201-2.fc44	noarch
google-noto-sans-lao-vf-fonts	0:20251201-2.fc44	noarch
google-noto-sans-math-fonts	0:20251201-2.fc44	noarch
google-noto-sans-meetei-mayek-vf-fonts	0:20251201-2.fc44	noarch
google-noto-sans-mono-cjk-vf-fonts	1:2.004-11.fc44	noarch
google-noto-sans-mono-vf-fonts	0:20251201-2.fc44	noarch
google-noto-sans-nko-fonts	0:20251201-2.fc44	noarch
google-noto-sans-ol-chiki-vf-fonts	0:20251201-2.fc44	noarch
google-noto-sans-oriya-vf-fonts	0:20251201-2.fc44	noarch
google-noto-sans-sinhala-vf-fonts	0:20251201-2.fc44	noarch
google-noto-sans-symbols-2-fonts	0:20251201-2.fc44	noarch
google-noto-sans-symbols-vf-fonts	0:20251201-2.fc44	noarch
google-noto-sans-syriac-vf-fonts	0:20251201-2.fc44	noarch
google-noto-sans-tamil-vf-fonts	0:20251201-2.fc44	noarch
google-noto-sans-telugu-vf-fonts	0:20251201-2.fc44	noarch
google-noto-sans-thaana-vf-fonts	0:20251201-2.fc44	noarch
google-noto-sans-thai-vf-fonts	0:20251201-2.fc44	noarch
google-noto-sans-vf-fonts	0:20251201-2.fc44	noarch
google-noto-sans-yi-fonts	0:20251201-2.fc44	noarch
google-noto-serif-armenian-vf-fonts	0:20251201-2.fc44	noarch
google-noto-serif-bengali-vf-fonts	0:20251201-2.fc44	noarch
google-noto-serif-cjk-vf-fonts	1:2.003-4.fc44	noarch
google-noto-serif-devanagari-vf-fonts	0:20251201-2.fc44	noarch
google-noto-serif-ethiopic-vf-fonts	0:20251201-2.fc44	noarch
google-noto-serif-georgian-vf-fonts	0:20251201-2.fc44	noarch
google-noto-serif-gujarati-vf-fonts	0:20251201-2.fc44	noarch
google-noto-serif-gurmukhi-vf-fonts	0:20251201-2.fc44	noarch
google-noto-serif-hebrew-vf-fonts	0:20251201-2.fc44	noarch
google-noto-serif-kannada-vf-fonts	0:20251201-2.fc44	noarch
google-noto-serif-khmer-vf-fonts	0:20251201-2.fc44	noarch
google-noto-serif-lao-vf-fonts	0:20251201-2.fc44	noarch
google-noto-serif-oriya-vf-fonts	0:20251201-2.fc44	noarch
google-noto-serif-sinhala-vf-fonts	0:20251201-2.fc44	noarch
google-noto-serif-tamil-vf-fonts	0:20251201-2.fc44	noarch
google-noto-serif-telugu-vf-fonts	0:20251201-2.fc44	noarch
google-noto-serif-thai-vf-fonts	0:20251201-2.fc44	noarch
google-noto-serif-vf-fonts	0:20251201-2.fc44	noarch
gperftools-libs	0:2.18.1-1.fc44	x86_64
gpgme	0:2.0.1-5.fc44	x86_64
gpgmepp	0:2.0.1-5.fc44	x86_64
gpg-pubkey	0:2596a99eaab33821893c0a79458ca832957f5868-5e5499b8	(none)
gpg-pubkey	0:bc528686b50d79e339d3721ceb3e94adbe1229cf-5631588c	(none)
graphene	0:1.10.8-4.fc44	x86_64
graphite2	0:1.3.14-20.fc44	x86_64
graphviz-libs	0:14.1.4-2.fc44	x86_64
grep	0:3.12-3.fc44	x86_64
groff-base	0:1.23.0-12.fc44	x86_64
grub2-common	1:2.12-64.fc44	noarch
grub2-efi-ia32	1:2.12-64.fc44	x86_64
grub2-efi-x64	1:2.12-64.fc44	x86_64
grub2-pc	1:2.12-64.fc44	x86_64
grub2-pc-modules	1:2.12-64.fc44	noarch
grub2-tools	1:2.12-64.fc44	x86_64
grub2-tools-minimal	1:2.12-64.fc44	x86_64
gsettings-desktop-schemas	0:50.1-1.fc44	x86_64
gsl	0:2.8-3.fc44	x86_64
gsm	0:1.0.24-2.fc44	x86_64
gsound	0:1.0.3-12.fc44	x86_64
gssdp	0:1.6.6-1.fc44	x86_64
gssproxy	0:0.9.2-10.fc44	x86_64
gst-editing-services	0:1.28.7-1.fc44	x86_64
gstreamer1	0:1.28.7-1.fc44	x86_64
gstreamer1-plugin-dav1d	0:0.15.0-1.fc44	x86_64
gstreamer1-plugin-libav	0:1.28.7-1.fc44	x86_64
gstreamer1-plugins-bad-free	0:1.28.7-1.fc44	x86_64
gstreamer1-plugins-bad-free-libs	0:1.28.7-1.fc44	x86_64
gstreamer1-plugins-base	0:1.28.7-1.fc44	x86_64
gstreamer1-plugins-good	0:1.28.7-1.fc44	x86_64
gstreamer1-plugins-good-qt	0:1.28.7-1.fc44	x86_64
gstreamer1-plugins-good-qt6	0:1.28.7-1.fc44	x86_64
gstreamer1-plugins-ugly-free	0:1.28.7-1.fc44	x86_64
gst-thumbnailers	0:1.0.0-1.fc44	x86_64
gtk3	0:3.24.52-2.fc44	x86_64
gtk4	0:4.22.5-2.fc44	x86_64
gtkmm4.0	0:4.22.0-1.fc44	x86_64
gtksourceview4	0:4.8.4-11.fc44	x86_64
gtksourceview5	0:5.20.0-1.fc44	x86_64
gtk-update-icon-cache	0:3.24.52-2.fc44	x86_64
gtk-vnc2	0:1.5.0-4.fc44	x86_64
gupnp	0:1.6.10-1.fc44	x86_64
gupnp-av	0:0.14.5-1.fc44	x86_64
gupnp-dlna	0:0.12.0-12.fc44	x86_64
gupnp-igd	0:1.6.0-8.fc44	x86_64
gutenprint	0:5.3.5-7.fc44	x86_64
gutenprint-cups	0:5.3.5-7.fc44	x86_64
gutenprint-libs	0:5.3.5-7.fc44	x86_64
gvfs	0:1.60.3-1.fc44	x86_64
gvfs-afc	0:1.60.3-1.fc44	x86_64
gvfs-afp	0:1.60.3-1.fc44	x86_64
gvfs-archive	0:1.60.3-1.fc44	x86_64
gvfs-client	0:1.60.3-1.fc44	x86_64
gvfs-fuse	0:1.60.3-1.fc44	x86_64
gvfs-goa	0:1.60.3-1.fc44	x86_64
gvfs-gphoto2	0:1.60.3-1.fc44	x86_64
gvfs-mtp	0:1.60.3-1.fc44	x86_64
gvfs-smb	0:1.60.3-1.fc44	x86_64
gvnc	0:1.5.0-4.fc44	x86_64
gweather-locations	0:2026.2-1.fc44	x86_64
gweather-locations-common	0:2026.2-1.fc44	noarch
gzip	0:1.14-2.fc44	x86_64
harfbuzz	0:14.1.0-2.fc44	x86_64
harfbuzz-icu	0:14.1.0-2.fc44	x86_64
hdparm	0:9.65-10.fc44	x86_64
hfsplus-tools	0:540.1.linux3-36.fc44	x86_64
hicolor-icon-theme	0:0.18-3.fc44	noarch
hidapi	0:0.15.0-3.fc44	x86_64
highway	0:1.3.0-2.fc44	x86_64
hiredis	0:1.2.0-8.fc44	x86_64
hostname	0:3.25-4.fc44	x86_64
hplip	0:3.26.4-7.fc44	x86_64
hplip-common	0:3.26.4-7.fc44	x86_64
hplip-libs	0:3.26.4-7.fc44	x86_64
httpd	0:2.4.68-1.fc44	x86_64
httpd-core	0:2.4.68-1.fc44	x86_64
httpd-filesystem	0:2.4.68-1.fc44	noarch
httpd-tools	0:2.4.68-1.fc44	x86_64
hunspell	0:1.7.3-1.fc44	x86_64
hunspell-en	0:0.20260225-2.fc44	noarch
hunspell-en-AU	0:0.20260225-2.fc44	noarch
hunspell-en-CA	0:0.20260225-2.fc44	noarch
hunspell-en-GB	0:0.20260225-2.fc44	noarch
hunspell-en-US	0:0.20260225-2.fc44	noarch
hunspell-filesystem	0:1.7.3-1.fc44	x86_64
hwdata	0:0.411-1.fc44	noarch
hyperv-daemons	0:6.10-3.fc44	x86_64
hyperv-daemons-license	0:6.10-3.fc44	noarch
hypervfcopyd	0:6.10-3.fc44	x86_64
hypervkvpd	0:6.10-3.fc44	x86_64
hypervvssd	0:6.10-3.fc44	x86_64
hyphen	0:2.8.8-28.fc44	x86_64
ibus	0:1.5.34-4.fc44	x86_64
ibus-anthy	0:1.5.18-2.fc44	x86_64
ibus-anthy-python	0:1.5.18-2.fc44	noarch
ibus-chewing	0:2.1.7-2.fc44	x86_64
ibus-gtk3	0:1.5.34-4.fc44	x86_64
ibus-gtk4	0:1.5.34-4.fc44	x86_64
ibus-hangul	0:1.5.5-12.fc44	x86_64
ibus-libpinyin	0:1.16.5-3.fc44	x86_64
ibus-libs	0:1.5.34-4.fc44	x86_64
ibus-m17n	0:1.4.39-1.fc44	x86_64
ibus-setup	0:1.5.34-4.fc44	noarch
ibus-typing-booster	0:2.31.0-1.fc44	noarch
igt-gpu-tools	0:2.4-1.fc44	x86_64
igvm-libs	0:0.4.0-10.fc44	x86_64
iio-sensor-proxy	0:3.8-2.fc44	x86_64
ilbc	0:3.0.4-19.fc44	x86_64
ima-evm-utils-libs	0:1.6.2-8.fc44	x86_64
ImageMagick	1:7.1.2.31-1.fc44	x86_64
ImageMagick-libs	1:7.1.2.31-1.fc44	x86_64
imath	0:3.1.12-6.fc44	x86_64
inih	0:62-2.fc44	x86_64
inih-cpp	0:62-2.fc44	x86_64
initscripts-service	0:10.27-2.fc44	noarch
intel-audio-firmware	0:20260916-1.fc44	noarch
intel-compute-runtime	0:26.22.38646.6-4.fc44	x86_64
intel-gmmlib	0:22.10.2-1.fc44	x86_64
intel-gpu-firmware	0:20260916-1.fc44	noarch
intel-igc	0:2.36.3-3.fc44	x86_64
intel-igc-libs	0:2.36.3-3.fc44	x86_64
intel-level-zero	0:26.22.38646.6-4.fc44	x86_64
intel-lpmd	0:0.1.0^git20260608.40d18a6-1.fc44	x86_64
intel-mediasdk	0:23.2.2-11.fc44	x86_64
intel-npu-firmware	0:20260916-1.fc44	noarch
intel-ocloc	0:26.22.38646.6-4.fc44	x86_64
intel-opencl	0:26.22.38646.6-4.fc44	x86_64
intel-opencl-clang	0:15.0.9-2.fc44	x86_64
intel-vpl-gpu-rt	0:26.1.6-1.fc44	x86_64
intel-vsc-firmware	0:20260916-1.fc44	noarch
ipp-usb	0:0.9.34-2.fc44	x86_64
iproute	0:6.17.0-2.fc44	x86_64
iproute-tc	0:6.17.0-2.fc44	x86_64
ipset	0:7.24-3.fc44	x86_64
ipset-libs	0:7.24-3.fc44	x86_64
iptables-libs	0:1.8.11-13.fc44	x86_64
iptables-nft	0:1.8.11-13.fc44	x86_64
iptstate	0:2.3.0-1.fc44	x86_64
iputils	0:20250605-2.fc44	x86_64
ipxe-roms-qemu	0:20240119-5.gitde8a0821.fc44	noarch
iscsi-initiator-utils	0:6.2.1.11-0.git4b3e853.fc44.3	x86_64
iscsi-initiator-utils-iscsiuio	0:6.2.1.11-0.git4b3e853.fc44.3	x86_64
isns-utils-libs	0:0.103-4.fc44	x86_64
iso-codes	0:4.20.1-3.fc44	noarch
iw	0:6.17-2.fc44	x86_64
iwlbluetooth-firmware	0:20260916-1.fc44	noarch
iwlegacy-firmware	0:20260916-1.fc44	noarch
iwlwifi-dvm-firmware	0:20260916-1.fc44	noarch
iwlwifi-mld-firmware	0:20260916-1.fc44	noarch
iwlwifi-mvm-firmware	0:20260916-1.fc44	noarch
jansson	0:2.14-4.fc44	x86_64
javascriptcoregtk4.1	0:2.52.5-1.fc44	x86_64
javascriptcoregtk6.0	0:2.52.5-1.fc44	x86_64
jbig2dec-libs	0:0.20-8.fc44	x86_64
jbigkit-libs	0:2.1-33.fc44	x86_64
jetbrains-mono-fonts	0:2.304-10.fc44	noarch
jomolhari-fonts	0:0.003-45.fc44	noarch
jose	0:14-6.fc44	x86_64
jq	0:1.8.1-3.fc44	x86_64
json-c	0:0.18-8.fc44	x86_64
json-glib	0:1.10.8-5.fc44	x86_64
julietaula-montserrat-fonts	1:9.000-4.fc44	noarch
kasumi-common	0:2.5-50.fc44	noarch
kasumi-unicode	0:2.5-50.fc44	x86_64
kbd	0:2.9.0-4.fc44	x86_64
kbd-legacy	0:2.9.0-4.fc44	noarch
kbd-misc	0:2.9.0-4.fc44	noarch
kde-filesystem	0:5-7.fc44	x86_64
kernel	0:7.2.6-200.fc44	x86_64
kernel-core	0:7.2.6-200.fc44	x86_64
kernel-modules	0:7.2.6-200.fc44	x86_64
kernel-modules-core	0:7.2.6-200.fc44	x86_64
kernel-modules-extra	0:7.2.6-200.fc44	x86_64
kernel-tools	0:7.2.6-200.fc44	x86_64
kernel-tools-libs	0:7.2.6-200.fc44	x86_64
keyutils	0:1.6.3-7.fc44	x86_64
keyutils-libs	0:1.6.3-7.fc44	x86_64
kf5-filesystem	0:5.116.0-6.fc44	x86_64
kf6-filesystem	0:6.30.0-1.fc44	x86_64
kf6-karchive	0:6.30.0-1.fc44	x86_64
kf6-kimageformats	0:6.30.0-1.fc44	x86_64
kmod	0:34.2-4.fc44	x86_64
kmod-libs	0:34.2-4.fc44	x86_64
kpartx	0:0.13.1-1.fc44	x86_64
krb5-libs	0:1.22.2-4.fc44	x86_64
kyotocabinet-libs	0:1.2.80-9.fc44	x86_64
lame-libs	0:3.100-21.fc44	x86_64
langpacks-core-en	0:4.3-1.fc44	noarch
langpacks-en	0:4.3-1.fc44	noarch
langpacks-fonts-en	0:4.3-1.fc44	noarch
langtable	0:0.0.71-1.fc44	noarch
lcms2	0:2.16-7.fc44	x86_64
leptonica	0:1.87.0-4.fc44	x86_64
less	0:704-4.fc44	x86_64
liba52	0:0.7.4-53.fc44	x86_64
libacl	0:2.4.0-1.fc44	x86_64
libadwaita	0:1.9.4-1.fc44	x86_64
libaio	0:0.3.111-23.fc44	x86_64
libao	0:1.2.0-31.fc44	x86_64
libaom	0:3.13.3-1.fc44	x86_64
libarchive	0:3.8.7-1.fc44	x86_64
libaribcaption	0:1.1.1-4.fc44	x86_64
libass	0:0.17.4-2.fc44	x86_64
libassuan	0:2.5.7-5.fc44	x86_64
libasyncns	0:0.8-34.fc44	x86_64
libatasmart	0:0.19-32.fc44	x86_64
libatomic	0:16.2.1-2.fc44	x86_64
libattr	0:2.6.0-1.fc44	x86_64
libavc1394	0:0.5.4-27.fc44	x86_64
libavcodec-free	0:8.1.2-4.fc44	x86_64
libavdevice-free	0:8.1.2-4.fc44	x86_64
libavfilter-free	0:8.1.2-4.fc44	x86_64
libavformat-free	0:8.1.2-4.fc44	x86_64
libavif	0:1.3.0-4.fc44	x86_64
libavutil-free	0:8.1.2-4.fc44	x86_64
libb2	0:0.98.1-15.fc44	x86_64
libbabeltrace2	0:2.1.2-5.fc44	x86_64
libbasicobjects	0:0.1.1-61.fc44	x86_64
libblkid	0:2.41.5-1.fc44	x86_64
libblkio	0:1.5.0-5.fc44	x86_64
libblockdev	0:3.5.0-1.fc44	x86_64
libblockdev-btrfs	0:3.5.0-1.fc44	x86_64
libblockdev-crypto	0:3.5.0-1.fc44	x86_64
libblockdev-fs	0:3.5.0-1.fc44	x86_64
libblockdev-loop	0:3.5.0-1.fc44	x86_64
libblockdev-lvm	0:3.5.0-1.fc44	x86_64
libblockdev-mdraid	0:3.5.0-1.fc44	x86_64
libblockdev-nvme	0:3.5.0-1.fc44	x86_64
libblockdev-part	0:3.5.0-1.fc44	x86_64
libblockdev-smart	0:3.5.0-1.fc44	x86_64
libblockdev-swap	0:3.5.0-1.fc44	x86_64
libblockdev-utils	0:3.5.0-1.fc44	x86_64
libbluray	0:1.4.0-3.fc44	x86_64
libbpf	2:1.6.3-2.fc44	x86_64
libbrotli	0:1.2.0-3.fc44	x86_64
libbs2b	0:3.1.0-37.fc44	x86_64
libbsd	0:0.12.2-7.fc44	x86_64
libburn	0:1.5.8-1.fc44	x86_64
libbytesize	0:2.12-2.fc44	x86_64
libcaca	0:0.99-0.82.beta20.fc44	x86_64
libcacard	3:2.8.2-1.fc44	x86_64
libcamera	0:0.7.1-1.fc44	x86_64
libcamera-ipa	0:0.7.1-1.fc44	x86_64
libcanberra	0:0.30-39.fc44	x86_64
libcanberra-gtk3	0:0.30-39.fc44	x86_64
libcap	0:2.78-1.fc44	x86_64
libcap-ng	0:0.9.6-1.fc44	x86_64
libcap-ng-python3	0:0.9.6-1.fc44	x86_64
libcbor	0:0.13.0-2.fc44	x86_64
libcdio	0:2.3.0-1.fc44	x86_64
libcdio-paranoia	0:10.2+2.0.2-6.fc44	x86_64
libchewing	0:0.13.1-4.fc44	x86_64
libchromaprint	0:1.6.0-4.fc44	x86_64
libcloudproviders	0:0.4.1-1.fc44	x86_64
libcollection	0:0.7.0-61.fc44	x86_64
libcom_err	0:1.47.3-4.fc44	x86_64
libcue	0:2.3.0-14.fc44	x86_64
libcupsfilters	1:2.1.1-9.fc44	x86_64
libcurl-minimal	0:8.18.0-10.fc44	x86_64
libdaemon	0:0.14-33.fc44	x86_64
libdatrie	0:0.2.14-2.fc44	x86_64
libdav1d	0:1.5.4-1.fc44	x86_64
libdc1394	0:2.2.7-9.fc44	x86_64
libdecor	0:0.2.5-2.fc44	x86_64
libdeflate	0:1.26-1.fc44	x86_64
libdhash	0:0.5.0-61.fc44	x86_64
libdisplay-info	0:0.3.0-1.fc44	x86_64
libdnf5	0:5.4.5.0-1.fc44	x86_64
libdnf5-cli	0:5.4.5.0-1.fc44	x86_64
libdnf5-plugin-appstream	0:5.4.5.0-1.fc44	x86_64
libdnf5-plugin-expired-pgp-keys	0:5.4.5.0-1.fc44	x86_64
libdnf5-plugin-systemd-inhibit	0:5.4.5.0-1.fc44	x86_64
libdovi	0:3.3.2-3.fc44	x86_64
libdrm	0:2.4.134-1.fc44	x86_64
libdvdnav	0:7.0.0-1.fc44	x86_64
libdvdread	0:7.0.1-1.fc44	x86_64
libebur128	0:1.2.6-15.fc44	x86_64
libeconf	0:0.7.9-3.fc44	x86_64
libedit	0:3.1-59.20260512cvs.fc44	x86_64
libei	0:1.6.0-2.fc44	x86_64
libeis	0:1.6.0-2.fc44	x86_64
libepoxy	0:1.5.10-12.fc44	x86_64
liberation-mono-fonts	1:2.1.5-15.fc44	noarch
liberation-sans-fonts	1:2.1.5-15.fc44	noarch
liberation-serif-fonts	1:2.1.5-15.fc44	noarch
libertas-firmware	0:20260916-1.fc44	noarch
libev	0:4.33-15.fc44	x86_64
libevdev	0:1.13.7-1.fc44	x86_64
libevent	0:2.1.13-1.fc44	x86_64
libexif	0:0.6.26-1.fc44	x86_64
libfdisk	0:2.41.5-1.fc44	x86_64
libfdt	0:1.8.1-6.fc44	x86_64
libffi	0:3.5.2-2.fc44	x86_64
libfido2	0:1.16.0-5.fc44	x86_64
libfontenc	0:1.1.8-5.fc44	x86_64
libfprint	0:1.94.100-1.fc44	x86_64
libfsverity	0:1.6-4.fc44	x86_64
libfyaml	0:0.8-9.fc44	x86_64
libgcc	0:16.2.1-2.fc44	x86_64
libgcrypt	0:1.12.2-1.fc44	x86_64
libgee	0:0.20.8-3.fc44	x86_64
libgexiv2	0:0.16.2-1.fc44	x86_64
libgfapi0	0:11.2-8.fc44	x86_64
libgfrpc0	0:11.2-8.fc44	x86_64
libgfxdr0	0:11.2-8.fc44	x86_64
libglusterfs0	0:11.2-8.fc44	x86_64
libglvnd	1:1.7.0-9.fc44	x86_64
libglvnd-egl	1:1.7.0-9.fc44	x86_64
libglvnd-gles	1:1.7.0-9.fc44	x86_64
libglvnd-glx	1:1.7.0-9.fc44	x86_64
libglvnd-opengl	1:1.7.0-9.fc44	x86_64
libgomp	0:16.2.1-2.fc44	x86_64
libgpg-error	0:1.58-2.fc44	x86_64
libgphoto2	0:2.5.33-2.fc44	x86_64
libgs	0:10.06.0-2.fc44	x86_64
libgsf	0:1.14.58-1.fc44	x86_64
libgtop2	0:2.41.3-5.fc44	x86_64
libgudev	0:238-9.fc44	x86_64
libgusb	0:0.4.9-5.fc44	x86_64
libgweather	0:4.6.0-1.fc44	x86_64
libgxps	0:0.3.2-12.fc44	x86_64
libhandy	0:1.8.3-10.fc44	x86_64
libhangul	0:0.2.0-3.fc44	x86_64
libheif	0:1.23.4-6.fc44	x86_64
libheif-ffmpeg	0:1.23.4-6.fc44	x86_64
libibverbs	0:61.1^20260812git975bdaf-1.fc44	x86_64
libical	0:3.0.20-7.fc44	x86_64
libical-glib	0:3.0.20-7.fc44	x86_64
libICE	0:1.1.2-4.fc44	x86_64
libicu	0:77.1-3.fc44	x86_64
libidn2	0:2.3.8-3.fc44	x86_64
libiec61883	0:1.2.0-39.fc44	x86_64
libieee1284	0:0.2.11-48.fc44	x86_64
libijs	0:0.35-26.fc44	x86_64
libimagequant	0:4.1.0-2.fc44	x86_64
libimobiledevice	0:1.4.0-3.fc44	x86_64
libimobiledevice-glue	0:1.3.2-1.fc44	x86_64
libini_config	0:1.3.1-61.fc44	x86_64
libinput	0:1.31.3-1.fc44	x86_64
libiscsi	0:1.20.3-4.fc44	x86_64
libisoburn	0:1.5.8-2.fc44	x86_64
libisofs	0:1.5.8-3.fc44	x86_64
libjose	0:14-6.fc44	x86_64
libjpeg-turbo	0:3.1.3-1.fc44	x86_64
libjxl	1:0.11.2-1.fc44	x86_64
libkcapi	0:1.5.0-7.fc44	x86_64
libkcapi-hasher	0:1.5.0-7.fc44	x86_64
libkcapi-hmaccalc	0:1.5.0-7.fc44	x86_64
libklvanc	0:1.6.0-4.fc44	x86_64
libksba	0:1.6.7-5.fc44	x86_64
liblastlog2	0:2.41.5-1.fc44	x86_64
liblc3	0:1.1.3-7.fc44	x86_64
libldac	0:2.0.2.3-19.fc44	x86_64
libldb	2:4.24.6-1.fc44	x86_64
liblerc	0:4.0.0-10.fc44	x86_64
liblouis	0:3.33.0-7.fc44	x86_64
liblouis-tables	0:3.33.0-7.fc44	noarch
liblouisutdml	0:2.12.0-8.fc44	x86_64
liblouisutdml-utils	0:2.12.0-8.fc44	x86_64
liblqr-1	0:0.4.2-29.fc44	x86_64
libluksmeta	0:10-2.fc44	x86_64
libmanette	0:0.2.13-2.fc44	x86_64
libmaxminddb	0:1.13.3-1.fc44	x86_64
libmbim	0:1.32.0-3.fc44	x86_64
libmbim-utils	0:1.32.0-3.fc44	x86_64
libmd	0:1.2.0-1.fc44	x86_64
libmediaart	0:1.9.7-4.fc44	x86_64
libmnl	0:1.0.5-9.fc44	x86_64
libmodplug	1:0.8.9.0-29.fc44	x86_64
libmodulemd	0:2.15.3-1.fc44	x86_64
libmount	0:2.41.5-1.fc44	x86_64
libmpc	0:1.4.1-1.fc44	x86_64
libmpeg2	0:0.5.1-33.fc44	x86_64
libmspack	0:0.10.1-0.16.alpha.fc44	x86_64
libmtp	0:1.1.22-3.fc44	x86_64
libmysofa	0:1.3.3-4.fc44	x86_64
libnbd	0:1.25.7-1.fc44	x86_64
libndp	0:1.9-5.fc44	x86_64
libnet	0:1.3-7.fc44	x86_64
libnetfilter_conntrack	0:1.1.1-1.fc44	x86_64
libnfnetlink	0:1.0.1-32.fc44	x86_64
libnfs	0:6.0.2-9.fc44	x86_64
libnfsidmap	1:2.8.7-7.fc44	x86_64
libnftnl	0:1.3.1-2.fc44	x86_64
libnghttp2	0:1.68.0-5.fc44	x86_64
libnice	0:0.1.23-2.fc44	x86_64
libnl3	0:3.12.0-3.fc44	x86_64
libnl3-cli	0:3.12.0-3.fc44	x86_64
libnma	0:1.10.6-11.fc44	x86_64
libnma-common	0:1.10.6-11.fc44	noarch
libnma-gtk4	0:1.10.6-11.fc44	x86_64
libnotify	0:0.8.8-1.fc44	x86_64
libnsl2	0:2.0.1-5.fc44	x86_64
libnvme	0:1.16.2-1.fc44	x86_64
liboeffis	0:1.6.0-2.fc44	x86_64
libogg	2:1.3.6-2.fc44	x86_64
libopenjph	0:0.25.3-3.fc44	x86_64
libopenmpt	0:0.8.9-1.fc44	x86_64
liboping	0:1.10.0-36.fc44	x86_64
libosinfo	0:1.12.0-5.fc44	x86_64
libpaper	1:2.1.1-10.fc44	x86_64
libpasswdqc	0:2.0.3-9.fc44	x86_64
libpath_utils	0:0.2.1-61.fc44	x86_64
libpcap	14:1.10.7-1.fc44	x86_64
libpciaccess	0:0.16-17.fc44	x86_64
libpfm	0:4.13.0-20.fc44	x86_64
libphodav	0:3.0-13.fc44	x86_64
libphonenumber	0:8.13.55-9.fc44	x86_64
libpinyin	0:2.11.91-2.fc44	x86_64
libpinyin-data	0:2.11.91-2.fc44	x86_64
libpipeline	0:1.5.8-4.fc44	x86_64
libpkgconf	0:2.5.1-1.fc44	x86_64
libplacebo	0:7.360.1-3.fc44	x86_64
libplist	0:2.7.0-1.fc44	x86_64
libpmem	0:2.1.0-5.fc44	x86_64
libpmemobj	0:2.1.0-5.fc44	x86_64
libpng	2:1.6.58-1.fc44	x86_64
libportal	0:0.10.0-1.fc44	x86_64
libportal-gtk4	0:0.10.0-1.fc44	x86_64
libppd	1:2.1.1-3.fc44	x86_64
libproxy	0:0.5.12-2.fc44	x86_64
libpskc	0:2.6.14-1.fc44	x86_64
libpsl	0:0.21.5-7.fc44	x86_64
libpwquality	0:1.4.5-15.fc44	x86_64
libqmi	0:1.36.0-3.fc44	x86_64
libqmi-utils	0:1.36.0-3.fc44	x86_64
libqrtr-glib	0:1.2.2-9.fc44	x86_64
librabbitmq	0:0.17.0-1.fc44	x86_64
librados2	2:20.2.4-1.fc44	x86_64
libraqm	0:0.10.1-4.fc44	x86_64
LibRaw	0:0.22.2-1.fc44	x86_64
libraw1394	0:2.1.2-25.fc44	x86_64
librbd1	2:20.2.4-1.fc44	x86_64
librdmacm	0:61.1^20260812git975bdaf-1.fc44	x86_64
libref_array	0:0.1.5-61.fc44	x86_64
librepo	0:1.21.0-2.fc44	x86_64
libreport-filesystem	0:2.17.15-10.fc44	noarch
libretls	0:3.8.1-7.fc44	x86_64
librist	0:0.2.11-1.fc44	x86_64
librsvg2	0:2.62.3-1.fc44	x86_64
libsamplerate	0:0.2.2-12.fc44	x86_64
libsane-airscan	0:0.99.36-2.fc44	x86_64
libsane-hpaio	0:3.26.4-7.fc44	x86_64
libsbc	0:2.1-2.fc44	x86_64
libseccomp	0:2.6.1-2.fc44	x86_64
libsecret	0:0.21.8.2-2.fc44	x86_64
libselinux	0:3.11-2.fc44	x86_64
libselinux-utils	0:3.11-2.fc44	x86_64
libsemanage	0:3.11-1.fc44	x86_64
libsepol	0:3.11-1.fc44	x86_64
libshaderc	0:2026.1-1.fc44	x86_64
libshout	0:2.4.6-10.fc44	x86_64
libsigc++30	0:3.8.1-1.fc44	x86_64
libslirp	0:4.9.1-3.fc44	x86_64
libSM	0:1.2.5-4.fc44	x86_64
libsmartcols	0:2.41.5-1.fc44	x86_64
libsmbclient	2:4.24.6-1.fc44	x86_64
libsndfile	0:1.2.2-11.fc44	x86_64
libsodium	0:1.0.22-1.fc44	x86_64
libsolv	0:0.7.39-1.fc44	x86_64
libsoup3	0:3.6.6-10.fc44	x86_64
libspelling	0:0.4.10-1.fc44	x86_64
libsrtp	0:2.8.0-1.fc44	x86_64
libss	0:1.47.3-4.fc44	x86_64
libssh	0:0.12.2-1.fc44	x86_64
libssh2	0:1.11.1-9.fc44	x86_64
libssh-config	0:0.12.2-1.fc44	noarch
libsss_certmap	0:2.13.1-2.fc44	x86_64
libsss_idmap	0:2.13.1-2.fc44	x86_64
libsss_nss_idmap	0:2.13.1-2.fc44	x86_64
libsss_sudo	0:2.13.1-2.fc44	x86_64
libstdc++	0:16.2.1-2.fc44	x86_64
libstemmer	0:3.0.1-11.fc44	x86_64
libswresample-free	0:8.1.2-4.fc44	x86_64
libswscale-free	0:8.1.2-4.fc44	x86_64
libtalloc	0:2.4.4-1.fc44	x86_64
libtasn1	0:4.21.0-1.fc44	x86_64
libtdb	0:1.4.15-1.fc44	x86_64
libteam	0:1.32-13.fc44	x86_64
libtevent	0:0.17.1-4.fc44	x86_64
libtextstyle	0:0.26-5.fc44	x86_64
libthai	0:0.1.30-2.fc44	x86_64
libtheora	1:1.1.1-41.fc44	x86_64
libtiff	0:4.7.2-1.fc44	x86_64
libtinysparql	0:3.11.1-1.fc44	x86_64
libtirpc	0:1.3.8-0.fc44	x86_64
libtommath	0:1.3.1~rc1-7.fc44	x86_64
libtool-ltdl	0:2.5.4-10.fc44	x86_64
libtpms	0:0.10.2-3.fc44	x86_64
libtraceevent	0:1.8.4-5.fc44	x86_64
libudfread	0:1.2.0-3.fc44	x86_64
libudisks2	0:2.11.2-1.fc44	x86_64
libultrahdr	0:1.4.0^20251202git8cbc983-1.fc44	x86_64
libunibreak	0:6.1-5.fc44	x86_64
libunistring	0:1.1-11.fc44	x86_64
libunwind	0:1.8.3-4.fc44	x86_64
liburing	0:2.13-2.fc44	x86_64
libusb1	0:1.0.30-1.fc44	x86_64
libusbmuxd	0:2.1.1-1.fc44	x86_64
libuser	0:0.64-17.fc44	x86_64
libutempter	0:1.2.1-20.fc44	x86_64
libuuid	0:2.41.5-1.fc44	x86_64
libuv	1:1.52.1-2.fc44	x86_64
libv4l	0:1.32.0-3.fc44	x86_64
libva	0:2.23.0-3.fc44	x86_64
libva-intel-media-driver	0:26.2.4-1.fc44	x86_64
libvdpau	0:1.5-11.fc44	x86_64
libverto	0:0.3.2-12.fc44	x86_64
libverto-libev	0:0.3.2-12.fc44	x86_64
libvirt-client	0:12.0.0-3.fc44	x86_64
libvirt-daemon	0:12.0.0-3.fc44	x86_64
libvirt-daemon-common	0:12.0.0-3.fc44	x86_64
libvirt-daemon-config-network	0:12.0.0-3.fc44	x86_64
libvirt-daemon-driver-interface	0:12.0.0-3.fc44	x86_64
libvirt-daemon-driver-network	0:12.0.0-3.fc44	x86_64
libvirt-daemon-driver-nodedev	0:12.0.0-3.fc44	x86_64
libvirt-daemon-driver-nwfilter	0:12.0.0-3.fc44	x86_64
libvirt-daemon-driver-qemu	0:12.0.0-3.fc44	x86_64
libvirt-daemon-driver-secret	0:12.0.0-3.fc44	x86_64
libvirt-daemon-driver-storage	0:12.0.0-3.fc44	x86_64
libvirt-daemon-driver-storage-core	0:12.0.0-3.fc44	x86_64
libvirt-daemon-driver-storage-disk	0:12.0.0-3.fc44	x86_64
libvirt-daemon-driver-storage-gluster	0:12.0.0-3.fc44	x86_64
libvirt-daemon-driver-storage-iscsi	0:12.0.0-3.fc44	x86_64
libvirt-daemon-driver-storage-iscsi-direct	0:12.0.0-3.fc44	x86_64
libvirt-daemon-driver-storage-logical	0:12.0.0-3.fc44	x86_64
libvirt-daemon-driver-storage-mpath	0:12.0.0-3.fc44	x86_64
libvirt-daemon-driver-storage-rbd	0:12.0.0-3.fc44	x86_64
libvirt-daemon-driver-storage-scsi	0:12.0.0-3.fc44	x86_64
libvirt-daemon-kvm	0:12.0.0-3.fc44	x86_64
libvirt-daemon-lock	0:12.0.0-3.fc44	x86_64
libvirt-daemon-log	0:12.0.0-3.fc44	x86_64
libvirt-daemon-plugin-lockd	0:12.0.0-3.fc44	x86_64
libvirt-daemon-proxy	0:12.0.0-3.fc44	x86_64
libvirt-dbus	0:1.4.1-9.fc44	x86_64
libvirt-glib	0:5.0.0-8.fc44	x86_64
libvirt-libs	0:12.0.0-3.fc44	x86_64
libvirt-ssh-proxy	0:12.0.0-3.fc44	x86_64
libvisual	1:0.4.2-4.fc44	x86_64
libvmaf	0:3.0.0-5.fc44	x86_64
libvncserver	0:0.9.15-6.fc44	x86_64
libvorbis	1:1.3.7-14.fc44	x86_64
libvpl	1:2.17.0-1.fc44	x86_64
libvpx	0:1.15.0-5.fc44	x86_64
libwacom	0:2.19.0-1.fc44	x86_64
libwacom-data	0:2.19.0-1.fc44	noarch
libwayland-client	0:1.26.0-1.fc44	x86_64
libwayland-cursor	0:1.26.0-1.fc44	x86_64
libwayland-egl	0:1.26.0-1.fc44	x86_64
libwayland-server	0:1.26.0-1.fc44	x86_64
libwbclient	2:4.24.6-1.fc44	x86_64
libwebp	0:1.6.0-3.fc44	x86_64
libwinpr	2:3.31.1-1.fc44	x86_64
libwmf-lite	0:0.2.16-1.fc44	x86_64
libwnck3	0:43.3-2.fc44	x86_64
libwsman1	0:2.8.1-14.fc44	x86_64
libX11	0:1.8.13-1.fc44	x86_64
libX11-common	0:1.8.13-1.fc44	noarch
libX11-xcb	0:1.8.13-1.fc44	x86_64
libXau	0:1.0.12-4.fc44	x86_64
libxcb	0:1.17.0-7.fc44	x86_64
libXcomposite	0:0.4.6-7.fc44	x86_64
libxcrypt	0:4.5.2-3.fc44	x86_64
libXcursor	0:1.2.3-4.fc44	x86_64
libxcvt	0:0.1.2-11.fc44	x86_64
libXdamage	0:1.1.6-7.fc44	x86_64
libXdmcp	0:1.1.5-5.fc44	x86_64
libxdp	0:1.6.3-1.fc44	x86_64
libXext	0:1.3.6-5.fc44	x86_64
libXfixes	0:6.0.1-7.fc44	x86_64
libXfont2	0:2.0.9-1.fc44	x86_64
libXft	0:2.3.8-10.fc44	x86_64
libXi	0:1.8.3-1.fc44	x86_64
libXinerama	0:1.1.5-10.fc44	x86_64
libxkbcommon	0:1.13.1-2.fc44	x86_64
libxkbcommon-x11	0:1.13.1-2.fc44	x86_64
libxkbfile	0:1.1.3-5.fc44	x86_64
libxml2	0:2.12.10-6.fc44	x86_64
libxmlb	0:0.3.29-1.fc44	x86_64
libXmu	0:1.2.1-5.fc44	x86_64
libXpm	0:3.5.17-7.fc44	x86_64
libXrandr	0:1.5.4-7.fc44	x86_64
libXrender	0:0.9.12-4.fc44	x86_64
libXres	0:1.2.2-7.fc44	x86_64
libxshmfence	0:1.3.2-8.fc44	x86_64
libxslt	0:1.1.43-6.fc44	x86_64
libXt	0:1.3.1-4.fc44	x86_64
libXtst	0:1.2.5-4.fc44	x86_64
libXv	0:1.0.13-4.fc44	x86_64
libXxf86vm	0:1.1.6-4.fc44	x86_64
libyaml	0:0.2.5-18.fc44	x86_64
libyuv	0:0-0.61.20260213git6067afd.fc44	x86_64
libzip	0:1.11.4-3.fc44	x86_64
libzstd	0:1.5.7-5.fc44	x86_64
lilv-libs	0:0.26.4-1.fc44	x86_64
linux-atm-libs	0:2.5.1-46.fc44	x86_64
linux-firmware	0:20260916-1.fc44	noarch
linux-firmware-whence	0:20260916-1.fc44	noarch
lld15-libs	0:15.0.7-10.fc44	x86_64
llvm15-libs	0:15.0.7-15.fc44	x86_64
llvm-filesystem	0:22.1.8-4.fc44	x86_64
llvm-libs	0:22.1.8-4.fc44	x86_64
lmdb-libs	0:0.9.34-2.fc44	x86_64
lm_sensors-libs	0:3.6.0-24.fc44	x86_64
localsearch	0:3.11.2-1.fc44	x86_64
lockdev	0:1.0.4-0.54.20111007git.fc44	x86_64
logrotate	0:3.22.0-5.fc44	x86_64
lpcnetfreedv	0:0.5-10.fc44	x86_64
lrzsz	0:0.12.20-76.fc44	x86_64
lsof	0:4.98.0-9.fc44	x86_64
lttng-ust	0:2.14.0-5.fc44	x86_64
lua-libs	0:5.4.8-5.fc44	x86_64
luksmeta	0:10-2.fc44	x86_64
lvm2	0:2.03.38-2.fc44	x86_64
lvm2-libs	0:2.03.38-2.fc44	x86_64
lz4-libs	0:1.10.0-4.fc44	x86_64
lzo	0:2.10-16.fc44	x86_64
lzop	0:1.04-18.fc44	x86_64
m17n-db	0:1.8.14-1.fc44	noarch
m17n-lib	0:1.8.6-3.fc44	x86_64
madan-fonts	0:2.000-43.fc44	noarch
mailcap	0:2.1.54-10.fc44	noarch
malcontent	0:0.14.0-1.fc44	x86_64
malcontent-control	0:0.14.0-1.fc44	x86_64
malcontent-libs	0:0.14.0-1.fc44	x86_64
malcontent-ui-libs	0:0.14.0-1.fc44	x86_64
man-db	0:2.13.1-3.fc44	x86_64
man-pages	0:6.13-3.fc44	noarch
mcelog	3:175-14.fc44	x86_64
mdadm	0:4.3-11.fc44	x86_64
mdevctl	0:1.4.0-3.fc44	x86_64
memstrack	0:0.2.5-8.fc44	x86_64
mesa-dri-drivers	0:26.2.2-6.fc44	x86_64
mesa-filesystem	0:26.2.2-6.fc44	x86_64
mesa-libEGL	0:26.2.2-6.fc44	x86_64
mesa-libgbm	0:26.2.2-6.fc44	x86_64
mesa-libGL	0:26.2.2-6.fc44	x86_64
mesa-libGLU	0:9.0.3-8.fc44	x86_64
mesa-vulkan-drivers	0:26.2.2-6.fc44	x86_64
microcode_ctl	2:2.1-74.fc44	x86_64
minizip-ng-compat	0:4.1.0-1.fc44	x86_64
mkpasswd	0:5.6.6-1.fc44	x86_64
mobile-broadband-provider-info	0:20240407-5.fc44	noarch
mod_dnssd	0:0.6-36.fc44	x86_64
ModemManager	0:1.24.2-3.fc44	x86_64
ModemManager-glib	0:1.24.2-3.fc44	x86_64
mod_http2	0:2.0.39-1.fc44	x86_64
mod_lua	0:2.4.68-1.fc44	x86_64
mokutil	2:0.7.2-3.fc44	x86_64
mozilla-filesystem	0:1.9-38.fc44	x86_64
mozjs140	0:140.13.0-3.fc44	x86_64
mpage	0:2.5.7-24.fc44	x86_64
mpdecimal	0:4.0.1-3.fc44	x86_64
mpfr	0:4.2.2-3.fc44	x86_64
mpg123-libs	0:1.32.10-3.fc44	x86_64
msgraph	0:0.3.5-1.fc44	x86_64
mt7xxx-firmware	0:20260916-1.fc44	noarch
mtdev	0:1.1.6-12.fc44	x86_64
mtr	2:0.96-1.fc44	x86_64
mutter	0:50.5-1.fc44	x86_64
mutter-common	0:50.5-1.fc44	noarch
nano	0:8.7.1-2.fc44	x86_64
nano-default-editor	0:8.7.1-2.fc44	noarch
nautilus	0:50.3-1.fc44	x86_64
nautilus-extensions	0:50.3-1.fc44	x86_64
nbdkit	0:1.48.1-1.fc44	x86_64
nbdkit-basic-filters	0:1.48.1-1.fc44	x86_64
nbdkit-basic-plugins	0:1.48.1-1.fc44	x86_64
nbdkit-curl-plugin	0:1.48.1-1.fc44	x86_64
nbdkit-selinux	0:1.48.1-1.fc44	noarch
nbdkit-server	0:1.48.1-1.fc44	x86_64
nbdkit-ssh-plugin	0:1.48.1-1.fc44	x86_64
ncurses	0:6.6-1.fc44	x86_64
ncurses-base	0:6.6-1.fc44	noarch
ncurses-libs	0:6.6-1.fc44	x86_64
ndctl-libs	0:85-1.fc44	x86_64
netavark	2:1.17.2-1.fc44	x86_64
netcat	0:1.238-1.fc44	x86_64
net-snmp-libs	1:5.9.5.2-4.fc44	x86_64
nettle	0:3.10.1-3.fc44	x86_64
NetworkManager	1:1.56.1-2.fc44	x86_64
NetworkManager-adsl	1:1.56.1-2.fc44	x86_64
NetworkManager-bluetooth	1:1.56.1-2.fc44	x86_64
NetworkManager-config-connectivity-fedora	1:1.56.1-2.fc44	noarch
NetworkManager-libnm	1:1.56.1-2.fc44	x86_64
NetworkManager-openconnect	0:1.2.10-11.fc44	x86_64
NetworkManager-openconnect-gnome	0:1.2.10-11.fc44	x86_64
NetworkManager-openvpn	1:1.12.5-4.fc44	x86_64
NetworkManager-openvpn-gnome	1:1.12.5-4.fc44	x86_64
NetworkManager-ppp	1:1.56.1-2.fc44	x86_64
NetworkManager-ssh	0:1.4.5-2.fc44	x86_64
NetworkManager-ssh-gnome	0:1.4.5-2.fc44	x86_64
NetworkManager-ssh-selinux	0:1.4.5-2.fc44	x86_64
NetworkManager-team	1:1.56.1-2.fc44	x86_64
NetworkManager-vpnc	1:1.4.0-6.fc44	x86_64
NetworkManager-vpnc-gnome	1:1.4.0-6.fc44	x86_64
NetworkManager-wifi	1:1.56.1-2.fc44	x86_64
NetworkManager-wwan	1:1.56.1-2.fc44	x86_64
nfs-client-utils	1:2.8.7-7.fc44	x86_64
nfs-common-utils	1:2.8.7-7.fc44	x86_64
nfs-utils	1:2.8.7-7.fc44	x86_64
nfsv3-client-utils	1:2.8.7-7.fc44	x86_64
nfsv4-client-utils	1:2.8.7-7.fc44	x86_64
nftables	1:1.1.6-2.fc44	x86_64
nftables-services	1:1.1.6-2.fc44	noarch
ngtcp2	0:1.22.1-1.fc44	x86_64
ngtcp2-crypto-gnutls	0:1.22.1-1.fc44	x86_64
ngtcp2-crypto-ossl	0:1.22.1-1.fc44	x86_64
nilfs-utils	0:2.2.11-8.fc44	x86_64
nm-connection-editor	0:1.36.0-7.fc44	x86_64
noopenh264	0:2.6.0-4.fc44	x86_64
npth	0:1.8-4.fc44	x86_64
nspr	0:4.39.0-5.fc44	x86_64
nss	0:3.129.0-1.fc44	x86_64
nss-altfiles	0:2.23.0-9.fc44	x86_64
nss-mdns	0:0.15.1-28.fc44	x86_64
nss-softokn	0:3.129.0-1.fc44	x86_64
nss-softokn-freebl	0:3.129.0-1.fc44	x86_64
nss-sysinit	0:3.129.0-1.fc44	x86_64
nss-util	0:3.129.0-1.fc44	x86_64
ntfs-3g	2:2026.2.25-1.fc44	x86_64
ntfs-3g-libs	2:2026.2.25-1.fc44	x86_64
ntfs-3g-system-compression	0:1.1-2.fc44	x86_64
ntfsprogs	2:2026.2.25-1.fc44	x86_64
numactl-libs	0:2.0.19-4.fc44	x86_64
numad	0:0.5-50.20251104git.fc44	x86_64
nvidia-gpu-firmware	0:20260916-1.fc44	noarch
nvme-cli	0:2.16-3.fc44	x86_64
nxpwireless-firmware	0:20260916-1.fc44	noarch
oneapi-level-zero	0:1.28.6-1.fc44	x86_64
oneapi-level-zero-devel	0:1.28.6-1.fc44	x86_64
oneapi-level-zero-zello_world	0:1.28.6-1.fc44	x86_64
oniguruma	0:6.9.10-4.fc44	x86_64
openal-soft	0:1.24.2-6.fc44	x86_64
openapv-libs	0:0.2.1.2-1.fc44	x86_64
OpenCL-ICD-Loader	0:3.0.6-7.20250722gitad770a1.fc44	x86_64
openconnect	0:9.12-11.fc44	x86_64
opencore-amr	0:0.1.6-10.fc44	x86_64
openexr-libs	0:3.2.4-7.fc44	x86_64
openjpeg	0:2.5.4-3.fc44	x86_64
openldap	0:2.6.14-1.fc44	x86_64
openpace	0:1.1.3-5.fc44	x86_64
openpgm	0:5.3.128-6.fc44	x86_64
open-sans-fonts	0:1.10-25.fc44	noarch
opensc	0:0.27.1-2.fc44	x86_64
opensc-libs	0:0.27.1-2.fc44	x86_64
openssh	0:10.2p1-14.fc44	x86_64
openssh-clients	0:10.2p1-14.fc44	x86_64
openssh-server	0:10.2p1-14.fc44	x86_64
openssl	1:3.5.8-1.fc44	x86_64
openssl-libs	1:3.5.8-1.fc44	x86_64
open-vm-tools	0:13.1.0-2.fc44	x86_64
open-vm-tools-desktop	0:13.1.0-2.fc44	x86_64
openvpn	0:2.7.7-1.fc44	x86_64
opus	0:1.6-2.fc44	x86_64
orc	0:0.4.41-3.fc44	x86_64
orca	0:50.2-1.fc44	noarch
osinfo-db	0:20251212-1.fc44	noarch
osinfo-db-tools	0:1.12.0-5.fc44	x86_64
os-prober	0:1.81-11.fc44	x86_64
ostree	0:2026.4-1.fc44	x86_64
ostree-libs	0:2026.4-1.fc44	x86_64
p11-kit	0:0.26.5-1.fc44	x86_64
p11-kit-server	0:0.26.5-1.fc44	x86_64
p11-kit-trust	0:0.26.5-1.fc44	x86_64
PackageKit	0:1.4.0-1.fc44	x86_64
PackageKit-glib	0:1.4.0-1.fc44	x86_64
paktype-naskh-basic-fonts	0:7.0-4.20231228.fc44	noarch
pam	0:1.7.2-2.fc44	x86_64
pam_afs_session	0:2.6-25.fc44	x86_64
pam-libs	0:1.7.2-2.fc44	x86_64
pam_passwdqc	0:2.0.3-9.fc44	x86_64
pango	0:1.57.1-1.fc44	x86_64
pangomm2.48	0:2.56.2-1.fc44	x86_64
papers-libs	0:49.8-1.fc44	x86_64
papers-nautilus	0:49.8-1.fc44	x86_64
papers-previewer	0:49.8-1.fc44	x86_64
papers-thumbnailer	0:49.8-1.fc44	x86_64
paps	0:0.8.0-15.fc44	x86_64
parted	0:3.6-15.fc44	x86_64
passim	0:0.1.12-1.fc44	x86_64
passim-libs	0:0.1.12-1.fc44	x86_64
passt	0:0^20260728.gf8df3f1-2.fc44	x86_64
passt-selinux	0:0^20260728.gf8df3f1-2.fc44	noarch
passwdqc	0:2.0.3-9.fc44	x86_64
passwdqc-utils	0:2.0.3-9.fc44	x86_64
pcaudiolib	0:1.1-19.fc44	x86_64
pciutils	0:3.15.0-1.fc44	x86_64
pciutils-libs	0:3.15.0-1.fc44	x86_64
pcre2	0:10.47-1.fc44.1	x86_64
pcre2-syntax	0:10.47-1.fc44.1	noarch
pcre2-utf16	0:10.47-1.fc44.1	x86_64
pcre2-utf32	0:10.47-1.fc44.1	x86_64
pcsc-lite	0:2.4.1-2.fc44	x86_64
pcsc-lite-ccid	0:1.7.1-2.fc44	x86_64
pcsc-lite-libs	0:2.4.1-2.fc44	x86_64
perl-AutoLoader	0:5.74-525.fc44	noarch
perl-B	0:1.89-525.fc44	x86_64
perl-base	0:2.27-525.fc44	noarch
perl-Carp	0:1.54-521.fc44	noarch
perl-Class-Struct	0:0.68-525.fc44	noarch
perl-constant	0:1.33-522.fc44	noarch
perl-Data-Dumper	0:2.192-523.fc44	x86_64
perl-Digest	0:1.20-521.fc44	noarch
perl-Digest-MD5	0:2.59-521.fc44	x86_64
perl-DynaLoader	0:1.57-525.fc44	x86_64
perl-Encode	4:3.21-521.fc44	x86_64
perl-Errno	0:1.38-525.fc44	x86_64
perl-Exporter	0:5.79-521.fc44	noarch
perl-Fcntl	0:1.20-525.fc44	x86_64
perl-File-Basename	0:2.86-525.fc44	noarch
perl-FileHandle	0:2.05-525.fc44	noarch
perl-File-Path	0:2.18-522.fc44	noarch
perl-File-stat	0:1.14-525.fc44	noarch
perl-File-Temp	1:0.231.200-2.fc44	noarch
perl-Getopt-Long	1:2.58-521.fc44	noarch
perl-Getopt-Std	0:1.14-525.fc44	noarch
perl-HTTP-Tiny	0:0.096-1.fc44	noarch
perl-if	0:0.61.000-525.fc44	noarch
perl-interpreter	4:5.42.3-525.fc44	x86_64
perl-IO	0:1.55-525.fc44	x86_64
perl-IO-Socket-IP	0:0.43-522.fc44	noarch
perl-IO-Socket-SSL	0:2.098-2.fc44	noarch
perl-IPC-Open3	0:1.24-525.fc44	noarch
perl-libnet	0:3.15-522.fc44	noarch
perl-libs	4:5.42.3-525.fc44	x86_64
perl-locale	0:1.13-525.fc44	noarch
perl-MIME-Base32	0:1.303-25.fc44	noarch
perl-MIME-Base64	0:3.16-521.fc44	x86_64
perl-mro	0:1.29-525.fc44	x86_64
perl-NDBM_File	0:1.18-525.fc44	x86_64
perl-Net-SSLeay	0:1.94-12.fc44	x86_64
perl-overload	0:1.40-525.fc44	noarch
perl-overloading	0:0.02-525.fc44	noarch
perl-parent	1:0.244-521.fc44	noarch
perl-PathTools	0:3.94-521.fc44	x86_64
perl-Pod-Escapes	1:1.07-521.fc44	noarch
perl-podlators	1:6.0.2-521.fc44	noarch
perl-Pod-Perldoc	0:3.28.01-522.fc44	noarch
perl-Pod-Simple	1:3.47-4.fc44	noarch
perl-Pod-Usage	4:2.05-521.fc44	noarch
perl-POSIX	0:2.23-525.fc44	x86_64
perl-Scalar-List-Utils	5:1.70-2.fc44	x86_64
perl-SelectSaver	0:1.02-525.fc44	noarch
perl-Socket	4:2.043-1.fc44	x86_64
perl-Storable	1:3.37-522.fc44	x86_64
perl-Symbol	0:1.09-525.fc44	noarch
perl-Term-ANSIColor	0:5.01-522.fc44	noarch
perl-Term-Cap	0:1.18-521.fc44	noarch
perl-Text-ParseWords	0:3.31-521.fc44	noarch
perl-Text-Tabs+Wrap	0:2024.001-521.fc44	noarch
perl-Time-HiRes	4:1.9778-521.fc44	x86_64
perl-Time-Local	2:1.350-521.fc44	noarch
perl-Unicode-Normalize	0:1.32-521.fc44	x86_64
perl-URI	0:5.36-1.fc44	noarch
perl-vars	0:1.05-525.fc44	noarch
pinentry	0:1.3.2-3.fc44	x86_64
pinentry-gnome3	0:1.3.2-3.fc44	x86_64
pinfo	0:0.6.13-10.fc44	x86_64
pipewire	0:1.6.9-1.fc44	x86_64
pipewire-alsa	0:1.6.9-1.fc44	x86_64
pipewire-config-raop	0:1.6.9-1.fc44	x86_64
pipewire-gstreamer	0:1.6.9-1.fc44	x86_64
pipewire-jack-audio-connection-kit	0:1.6.9-1.fc44	x86_64
pipewire-jack-audio-connection-kit-libs	0:1.6.9-1.fc44	x86_64
pipewire-libs	0:1.6.9-1.fc44	x86_64
pipewire-plugin-libcamera	0:1.6.9-1.fc44	x86_64
pipewire-pulseaudio	0:1.6.9-1.fc44	x86_64
pipewire-utils	0:1.6.9-1.fc44	x86_64
pixman	0:0.46.2-3.fc44	x86_64
pkcs11-helper	0:1.30.0-5.fc44	x86_64
pkcs11-provider	0:1.1-3.fc44	x86_64
pkgconf	0:2.5.1-1.fc44	x86_64
pkgconf-m4	0:2.5.1-1.fc44	noarch
pkgconf-pkg-config	0:2.5.1-1.fc44	x86_64
plymouth	0:24.004.60-24.fc44	x86_64
plymouth-core-libs	0:24.004.60-24.fc44	x86_64
plymouth-graphics-libs	0:24.004.60-24.fc44	x86_64
plymouth-plugin-label	0:24.004.60-24.fc44	x86_64
plymouth-plugin-two-step	0:24.004.60-24.fc44	x86_64
plymouth-scripts	0:24.004.60-24.fc44	x86_64
plymouth-system-theme	0:24.004.60-24.fc44	x86_64
plymouth-theme-spinner	0:24.004.60-24.fc44	x86_64
podman	5:5.8.7-1.fc44	x86_64
podman-sequoia	0:0.3.2-2.fc44	x86_64
policycoreutils	0:3.11-2.fc44	x86_64
policycoreutils-python-utils	0:3.11-2.fc44	noarch
polkit	0:127-2.fc44.2	x86_64
polkit-libs	0:127-2.fc44.2	x86_64
poppler	0:26.01.0-3.fc44	x86_64
poppler-cpp	0:26.01.0-3.fc44	x86_64
poppler-data	0:0.4.11-11.fc44	noarch
poppler-glib	0:26.01.0-3.fc44	x86_64
poppler-utils	0:26.01.0-3.fc44	x86_64
popt	0:1.19-10.fc44	x86_64
portaudio	0:19.7.0-3.fc44	x86_64
ppp	0:2.5.1-7.fc44	x86_64
prefixdevname	0:0.2.0-8.fc44	x86_64
printer-driver-brlaser	0:6.2.7-3.fc44	x86_64
procps-ng	0:4.0.6-1.fc44	x86_64
protobuf	0:3.19.6-20.fc44	x86_64
protobuf-c	0:1.5.2-2.fc44	x86_64
psmisc	0:23.7-7.fc44	x86_64
ptouch-driver	0:1.7.1-3.fc44	x86_64
ptyxis	0:50.1-2.fc44	x86_64
publicsuffix-list-dafsa	0:20260116-1.fc44	noarch
pulseaudio-libs	0:17.0-9.fc44	x86_64
pulseaudio-libs-glib2	0:17.0-9.fc44	x86_64
pulseaudio-utils	0:17.0-9.fc44	x86_64
python3	0:3.14.7-1.fc44	x86_64
python3-anyio	0:4.13.0-1.fc44	noarch
python3-argcomplete	0:3.6.3-4.fc44	noarch
python3-audit	0:4.2.1-1.fc44	x86_64
python3-boto3	0:1.43.96-1.fc44	noarch
python3-botocore	0:1.43.96-1.fc44	noarch
python3-brlapi	0:0.8.7-8.fc44	x86_64
python3-cairo	0:1.28.0-5.fc44	x86_64
python3-certifi	0:2026.01.04-1.fc44	noarch
python3-charset-normalizer	0:3.4.4-2.fc44	noarch
python3-click	1:8.3.3-1.fc44	noarch
python3-cups	0:2.0.4-8.fc44	x86_64
python3-dasbus	0:1.7-14.fc44	noarch
python3-dateutil	1:2.9.0.post0-7.fc44	noarch
python3-dbus	0:1.4.0-9.fc44	x86_64
python3-distro	0:1.9.0-11.fc44	noarch
python3-enchant	0:3.3.0-2.fc44	noarch
python3-file-magic	0:5.46-10.fc44	noarch
python3-firewall	0:2.4.4-1.fc44	noarch
python3-gobject	0:3.56.3-1.fc44	x86_64
python3-gobject-base	0:3.56.3-1.fc44	x86_64
python3-h11	0:0.16.0-6.fc44	noarch
python3-html2text	0:2025.4.15-6.fc44	noarch
python3-httpcore	0:1.0.9-6.fc44	noarch
python3-httpx	0:0.28.1-11.fc44	noarch
python3-ibus	0:1.5.34-4.fc44	x86_64
python3-idna	0:3.18-1.fc44	noarch
python3-inotify	0:0.9.6-43.fc44	noarch
python3-jmespath	0:1.0.1-14.fc44	noarch
python3-langtable	0:0.0.71-1.fc44	noarch
python3-libdnf5	0:5.4.5.0-1.fc44	x86_64
python3-libs	0:3.14.7-1.fc44	x86_64
python3-libselinux	0:3.11-2.fc44	x86_64
python3-libsemanage	0:3.11-1.fc44	x86_64
python3-libvirt	0:12.0.0-1.fc44	x86_64
python3-libxml2	0:2.12.10-6.fc44	x86_64
python3-linux-procfs	0:0.7.4-3.fc44	noarch
python3-louis	0:3.33.0-7.fc44	noarch
python3-nftables	1:1.1.6-2.fc44	noarch
python3-olefile	0:0.47-13.fc44	noarch
python3-packaging	0:25.0-8.fc44	noarch
python3-pam	0:2.0.2-18.fc44	noarch
python3-perf	0:7.2.6-200.fc44	x86_64
python3-pexpect	0:4.9.0-15.fc44	noarch
python3-pillow	0:12.3.0-1.fc44	x86_64
python3-policycoreutils	0:3.11-2.fc44	noarch
python3-psutil	0:7.2.2-1.fc44	x86_64
python3-ptyprocess	0:0.7.0-15.fc44	noarch
python3-pyatspi	0:2.58.2-1.fc44	noarch
python3-pyaudio	0:0.2.13-11.fc44	x86_64
python3-pysocks	0:1.7.1-32.fc44	noarch
python3-pyudev	0:0.24.4-3.fc44	noarch
python3-pyxdg	0:0.28-1.fc44	noarch
python3-pyyaml	0:6.0.3-3.fc44	x86_64
python3-rapidfuzz	0:3.14.3-2.fc44	x86_64
python3-regex	0:2026.7.19-1.fc44	x86_64
python3-requests	0:2.33.1-1.fc44	noarch
python3-rpm	0:6.0.2-1.fc44	x86_64
python3-s3transfer	0:0.19.1-1.fc44	noarch
python3-setools	0:4.6.0-6.fc44	x86_64
python3-six	0:1.17.0-8.fc44	noarch
python3-speechd	0:0.12.1-6.fc44	x86_64
python3-tracer	0:1.4-2.fc44	noarch
python3-urllib3	0:2.7.0-1.fc44	noarch
python3-urllib3+socks	0:2.7.0-1.fc44	noarch
python-pip-wheel	0:26.0.1-3.fc44	noarch
python-unversioned-command	0:3.14.7-1.fc44	noarch
qadwaitadecorations-qt5	0:0.1.7-3.fc44	x86_64
qatlib	0:26.08.0-1.fc44	x86_64
qatlib-service	0:26.08.0-1.fc44	x86_64
qatzip-libs	0:2.0.0-1.fc44	x86_64
qcom-wwan-firmware	0:20260916-1.fc44	noarch
qemu-audio-alsa	2:10.2.2-1.fc44	x86_64
qemu-audio-dbus	2:10.2.2-1.fc44	x86_64
qemu-audio-jack	2:10.2.2-1.fc44	x86_64
qemu-audio-oss	2:10.2.2-1.fc44	x86_64
qemu-audio-pa	2:10.2.2-1.fc44	x86_64
qemu-audio-pipewire	2:10.2.2-1.fc44	x86_64
qemu-audio-sdl	2:10.2.2-1.fc44	x86_64
qemu-audio-spice	2:10.2.2-1.fc44	x86_64
qemu-block-blkio	2:10.2.2-1.fc44	x86_64
qemu-block-curl	2:10.2.2-1.fc44	x86_64
qemu-block-dmg	2:10.2.2-1.fc44	x86_64
qemu-block-gluster	2:10.2.2-1.fc44	x86_64
qemu-block-iscsi	2:10.2.2-1.fc44	x86_64
qemu-block-nfs	2:10.2.2-1.fc44	x86_64
qemu-block-rbd	2:10.2.2-1.fc44	x86_64
qemu-block-ssh	2:10.2.2-1.fc44	x86_64
qemu-char-baum	2:10.2.2-1.fc44	x86_64
qemu-char-spice	2:10.2.2-1.fc44	x86_64
qemu-common	2:10.2.2-1.fc44	x86_64
qemu-device-display-qxl	2:10.2.2-1.fc44	x86_64
qemu-device-display-vhost-user-gpu	2:10.2.2-1.fc44	x86_64
qemu-device-display-virtio-gpu	2:10.2.2-1.fc44	x86_64
qemu-device-display-virtio-gpu-ccw	2:10.2.2-1.fc44	x86_64
qemu-device-display-virtio-gpu-gl	2:10.2.2-1.fc44	x86_64
qemu-device-display-virtio-gpu-pci	2:10.2.2-1.fc44	x86_64
qemu-device-display-virtio-gpu-pci-gl	2:10.2.2-1.fc44	x86_64
qemu-device-display-virtio-gpu-pci-rutabaga	2:10.2.2-1.fc44	x86_64
qemu-device-display-virtio-gpu-rutabaga	2:10.2.2-1.fc44	x86_64
qemu-device-display-virtio-vga	2:10.2.2-1.fc44	x86_64
qemu-device-display-virtio-vga-gl	2:10.2.2-1.fc44	x86_64
qemu-device-display-virtio-vga-rutabaga	2:10.2.2-1.fc44	x86_64
qemu-device-uefi-vars	2:10.2.2-1.fc44	x86_64
qemu-device-usb-host	2:10.2.2-1.fc44	x86_64
qemu-device-usb-redirect	2:10.2.2-1.fc44	x86_64
qemu-device-usb-smartcard	2:10.2.2-1.fc44	x86_64
qemu-guest-agent	2:10.2.2-1.fc44	x86_64
qemu-img	2:10.2.2-1.fc44	x86_64
qemu-kvm	2:10.2.2-1.fc44	x86_64
qemu-kvm-core	2:10.2.2-1.fc44	x86_64
qemu-pr-helper	2:10.2.2-1.fc44	x86_64
qemu-system-x86	2:10.2.2-1.fc44	x86_64
qemu-system-x86-core	2:10.2.2-1.fc44	x86_64
qemu-ui-curses	2:10.2.2-1.fc44	x86_64
qemu-ui-egl-headless	2:10.2.2-1.fc44	x86_64
qemu-ui-gtk	2:10.2.2-1.fc44	x86_64
qemu-ui-opengl	2:10.2.2-1.fc44	x86_64
qemu-ui-sdl	2:10.2.2-1.fc44	x86_64
qemu-ui-spice-app	2:10.2.2-1.fc44	x86_64
qemu-ui-spice-core	2:10.2.2-1.fc44	x86_64
qemu-user-static-aarch64	2:10.2.2-1.fc44	x86_64
qpdf-libs	0:12.3.2-1.fc44	x86_64
qrencode-libs	0:4.1.1-12.fc44	x86_64
qt5-filesystem	0:5.15.18-2.fc44	x86_64
qt5-qtbase	0:5.15.18-2.fc44	x86_64
qt5-qtbase-common	0:5.15.18-2.fc44	noarch
qt5-qtbase-gui	0:5.15.18-2.fc44	x86_64
qt5-qtdeclarative	0:5.15.18-2.fc44	x86_64
qt5-qtsvg	0:5.15.18-2.fc44	x86_64
qt5-qttranslations	0:5.15.18-2.fc44	noarch
qt5-qtwayland	0:5.15.18-2.fc44	x86_64
qt5-qtx11extras	0:5.15.18-2.fc44	x86_64
qt5-qtxmlpatterns	0:5.15.18-2.fc44	x86_64
qt6-filesystem	0:6.11.2-1.fc44	x86_64
qt6-qtbase	0:6.11.2-2.fc44	x86_64
qt6-qtbase-common	0:6.11.2-2.fc44	noarch
qt6-qtbase-gui	0:6.11.2-2.fc44	x86_64
qt6-qtdeclarative	0:6.11.2-2.fc44	x86_64
qt6-qtsvg	0:6.11.2-1.fc44	x86_64
qt6-qttranslations	0:6.11.2-1.fc44	noarch
qt6-qtwayland	0:6.11.2-1.fc44	x86_64
qt6-qtwayland-adwaita-decoration	0:6.11.2-1.fc44	x86_64
qt-settings	0:44.0-1.fc44	noarch
quota	1:4.11-2.fc44	x86_64
quota-nls	1:4.11-2.fc44	noarch
rav1e-libs	0:0.8.1-3.fc44	x86_64
rdma-core-common	0:61.1^20260812git975bdaf-1.fc44	noarch
readline	0:8.3-4.fc44	x86_64
realmd	0:0.17.1-19.fc44	x86_64
realtek-firmware	0:20260916-1.fc44	noarch
redhat-menus	0:12.0.2-39.fc44	noarch
rest	0:0.10.2-9.fc44	x86_64
restic	0:0.19.1-1.fc44	x86_64
rit-meera-new-fonts	0:1.6.2-5.fc44	noarch
rit-rachana-fonts	0:1.5.2-5.fc44	noarch
rocm-smi	0:7.1.1-3.fc44	x86_64
rootfiles	0:9.0-6.fc44	noarch
rpcbind	0:1.3.1-0.fc44	x86_64
rpm	0:6.0.2-1.fc44	x86_64
rpm-build-libs	0:6.0.2-1.fc44	x86_64
rpm-libs	0:6.0.2-1.fc44	x86_64
rpm-ostree	0:2026.2-1.fc44	x86_64
rpm-ostree-libs	0:2026.2-1.fc44	x86_64
rpm-plugin-audit	0:6.0.2-1.fc44	x86_64
rpm-plugin-dbus-announce	0:6.0.2-1.fc44	x86_64
rpm-plugin-selinux	0:6.0.2-1.fc44	x86_64
rpm-sequoia	0:1.10.3-1.fc44	x86_64
rpm-sign-libs	0:6.0.2-1.fc44	x86_64
rsync	0:3.5.0-2.fc44	x86_64
rtkit	0:0.11-70.fc44	x86_64
rubberband-libs	0:4.0.0-5.fc44	x86_64
rutabaga-gfx-ffi	0:0.1.3-5.fc44	x86_64
rygel	0:45.2-1.fc44	x86_64
samba-client	2:4.24.6-1.fc44	x86_64
samba-client-libs	2:4.24.6-1.fc44	x86_64
samba-common	2:4.24.6-1.fc44	noarch
samba-core-libs	2:4.24.6-1.fc44	x86_64
samba-ndr-libs	2:4.24.6-1.fc44	x86_64
sane-airscan	0:0.99.36-2.fc44	x86_64
sane-backends	0:1.4.0-6.fc44	x86_64
sane-backends-drivers-cameras	0:1.4.0-6.fc44	x86_64
sane-backends-drivers-scanners	0:1.4.0-6.fc44	x86_64
sane-backends-libs	0:1.4.0-6.fc44	x86_64
scrub	0:2.6.1-12.fc44	x86_64
sdbus-cpp	0:2.2.1-2.fc44	x86_64
sdl2-compat	0:2.32.72-1.fc44	x86_64
SDL2_image	0:2.8.12-1.fc44	x86_64
SDL3	0:3.4.16-1.fc44	x86_64
seabios-bin	0:1.17.0-10.fc44	noarch
seavgabios-bin	0:1.17.0-10.fc44	noarch
sed	0:4.9-7.fc44	x86_64
selinux-policy	0:44.10-1.fc44	noarch
selinux-policy-targeted	0:44.10-1.fc44	noarch
serd	0:0.32.8-1.fc44	x86_64
setup	0:2.15.0-28.fc44	noarch
setxkbmap	0:1.3.4-7.fc44	x86_64
shadow-utils	2:4.19.0-7.fc44	x86_64
shadow-utils-subid	2:4.19.0-7.fc44	x86_64
shared-mime-info	0:2.4-3.fc44	x86_64
shim-ia32	0:16.1-5	x86_64
shim-x64	0:16.1-5	x86_64
sil-padauk-fonts	0:3.003-21.fc44	noarch
simdutf	0:7.2.1-3.fc44	x86_64
skopeo	1:1.22.3-1.fc44	x86_64
slang	0:2.3.3-9.fc44	x86_64
slirp4netns	0:1.3.1-4.fc44	x86_64
snappy	0:1.2.2-4.fc44	x86_64
socat	0:1.8.1.1-1.fc44	x86_64
sord	0:0.16.22-1.fc44	x86_64
sos	0:4.12.0-1.fc44	noarch
sound-theme-freedesktop	0:0.8-31.fc44	noarch
soundtouch	0:2.4.0-3.fc44	x86_64
soxr	0:0.1.3-21.fc44	x86_64
spandsp	0:0.0.6-22.fc44	x86_64
speech-dispatcher	0:0.12.1-6.fc44	x86_64
speech-dispatcher-espeak-ng	0:0.12.1-6.fc44	x86_64
speech-dispatcher-libs	0:0.12.1-6.fc44	x86_64
speech-dispatcher-utils	0:0.12.1-6.fc44	x86_64
speex	0:1.2.0-21.fc44	x86_64
spice-glib	0:0.42-8.fc44	x86_64
spice-gtk3	0:0.42-8.fc44	x86_64
spice-server	0:0.16.0-2.fc43	x86_64
spice-vdagent	0:0.23.0-2.fc44	x86_64
spice-webdavd	0:3.0-13.fc44	x86_64
spirv-llvm15.0-translator	0:15.0.23-2.fc44	x86_64
spirv-tools-libs	0:2026.1-1.fc44	x86_64
splix	0:2.0.1-6.fc44	x86_64
sqlite-libs	0:3.51.2-2.fc44	x86_64
sratom	0:0.6.22-1.fc44	x86_64
srt-libs	0:1.5.7-1.fc44	x86_64
sscg	0:4.0.3-3.fc44	x86_64
sshpass	0:1.09-12.fc44	x86_64
sso-mib-libs	0:0.8.0-1.fc44	x86_64
sssd-client	0:2.13.1-2.fc44	x86_64
sssd-common	0:2.13.1-2.fc44	x86_64
sssd-kcm	0:2.13.1-2.fc44	x86_64
sssd-krb5-common	0:2.13.1-2.fc44	x86_64
sssd-nfs-idmap	0:2.13.1-2.fc44	x86_64
startup-notification	0:0.12-33.fc44	x86_64
steam-devices	0:1.0.0.101^git20260625.22ec85e-1.fc44	noarch
stix-fonts	0:2.13b171-10.fc44	noarch
stoken-libs	0:0.93-2.fc44	x86_64
sudo	0:1.9.17-8.p2.fc44	x86_64
sudo-python-plugin	0:1.9.17-8.p2.fc44	x86_64
svt-av1-libs	0:3.1.2-2.fc44	x86_64
switcheroo-control	0:3.0-5.fc44	x86_64
swtpm	0:0.10.2-1.fc44	x86_64
swtpm-libs	0:0.10.2-1.fc44	x86_64
swtpm-selinux	0:0.10.2-1.fc44	noarch
swtpm-tools	0:0.10.2-1.fc44	x86_64
system-config-printer-libs	0:1.5.18-20.fc44	noarch
system-config-printer-udev	0:1.5.18-20.fc44	x86_64
systemd	0:259.9-1.fc44	x86_64
systemd-container	0:259.9-1.fc44	x86_64
systemd-libs	0:259.9-1.fc44	x86_64
systemd-networkd	0:259.9-1.fc44	x86_64
systemd-oomd-defaults	0:259.9-1.fc44	noarch
systemd-pam	0:259.9-1.fc44	x86_64
systemd-resolved	0:259.9-1.fc44	x86_64
systemd-shared	0:259.9-1.fc44	x86_64
systemd-sysusers	0:259.9-1.fc44	x86_64
systemd-udev	0:259.9-1.fc44	x86_64
taglib	0:2.3-2.fc44	x86_64
tailscale	0:1.102.4-1	x86_64
tar	2:1.35-9.fc44	x86_64
tcl	1:9.0.2-1.fc44	x86_64
teamd	0:1.32-13.fc44	x86_64
teamviewer	0:15.80.4-0	x86_64
tecla	0:50.0-1.fc44	x86_64
tesseract-common	0:5.5.3-1.fc44	noarch
tesseract-langpack-eng	0:4.1.0-12.fc44	noarch
tesseract-libs	0:5.5.3-1.fc44	x86_64
tesseract-tessdata-doc	0:4.1.0-12.fc44	noarch
thermald	0:2.5.12-3.fc44	x86_64
thrift	0:0.20.0-9.fc44	x86_64
time	0:1.9-28.fc44	x86_64
tinysparql	0:3.11.1-1.fc44	x86_64
tiwilink-firmware	0:20260916-1.fc44	noarch
tmux	0:3.7c-1.fc44	x86_64
toolbox	0:0.3-4.fc44	x86_64
totem-pl-parser	0:3.26.7-1.fc44	x86_64
tpm2-tools	0:5.7-5.fc44	x86_64
tpm2-tss	0:4.1.3-9.fc44	x86_64
tpm2-tss-fapi	0:4.1.3-9.fc44	x86_64
tracer-common	0:1.4-2.fc44	noarch
tree	0:2.2.1-4.fc44	x86_64
tslib	0:1.24-2.fc44	x86_64
tuned	0:2.28.0-1.fc44	noarch
tuned-ppd	0:2.28.0-1.fc44	noarch
twolame-libs	0:0.4.0-9.fc44	x86_64
tzdata	0:2026c-2.fc44	noarch
uchardet	0:0.0.8-10.fc44	x86_64
udftools	0:2.3-13.fc44	x86_64
udisks2	0:2.11.2-1.fc44	x86_64
udisks2-btrfs	0:2.11.2-1.fc44	x86_64
udisks2-iscsi	0:2.11.2-1.fc44	x86_64
udisks2-lvm2	0:2.11.2-1.fc44	x86_64
unbound-anchor	0:1.26.0-1.fc44	x86_64
unbound-libs	0:1.26.0-1.fc44	x86_64
unicode-ucd	0:17.0.0-2.fc44	noarch
unzip	0:6.0-69.fc44	x86_64
upower	0:1.91.4-1.fc44	x86_64
upower-libs	0:1.91.4-1.fc44	x86_64
uresourced	0:0.5.4-5.fc44	x86_64
uriparser	0:1.0.2-1.fc44	x86_64
urw-base35-bookman-fonts	0:20200910-27.fc44	noarch
urw-base35-c059-fonts	0:20200910-27.fc44	noarch
urw-base35-d050000l-fonts	0:20200910-27.fc44	noarch
urw-base35-fonts	0:20200910-27.fc44	noarch
urw-base35-fonts-common	0:20200910-27.fc44	noarch
urw-base35-gothic-fonts	0:20200910-27.fc44	noarch
urw-base35-nimbus-mono-ps-fonts	0:20200910-27.fc44	noarch
urw-base35-nimbus-roman-fonts	0:20200910-27.fc44	noarch
urw-base35-nimbus-sans-fonts	0:20200910-27.fc44	noarch
urw-base35-p052-fonts	0:20200910-27.fc44	noarch
urw-base35-standard-symbols-ps-fonts	0:20200910-27.fc44	noarch
urw-base35-z003-fonts	0:20200910-27.fc44	noarch
usb_modeswitch	0:2.6.2-5.fc44	x86_64
usb_modeswitch-data	0:20191128-15.fc44	noarch
usbmuxd	0:1.1.1^20251205git3ded00c-1.fc44	x86_64
usbredir	0:0.15.0-3.fc44	x86_64
usbutils	0:019-2.fc44	x86_64
usermode	0:1.114-16.fc44	x86_64
userspace-rcu	0:0.15.6-1.fc44	x86_64
util-linux	0:2.41.5-1.fc44	x86_64
util-linux-core	0:2.41.5-1.fc44	x86_64
vazirmatn-vf-fonts	0:33.003-16.fc44	noarch
vid.stab	0:1.1.1-8.fc44	x86_64
vim-data	2:9.2.1119-1.fc44	noarch
vim-minimal	2:9.2.1119-1.fc44	x86_64
virglrenderer	0:1.3.0-1.fc44	x86_64
virt-install	0:5.1.0-4.fc44	noarch
virtiofsd	0:1.14.0-1.fc44	x86_64
virt-manager	0:5.1.0-4.fc44	noarch
virt-manager-common	0:5.1.0-4.fc44	noarch
virtualbox-guest-additions	0:7.2.16-1.fc44	x86_64
virt-what	0:1.27-5.fc44	x86_64
vo-amrwbenc	0:0.1.3-24.fc44	x86_64
volume_key-libs	0:0.3.12-29.fc44	x86_64
vpnc	0:0.5.3^20241114.git11e15a1-4.fc44	x86_64
vpnc-script	0:20230907-7.git5b9e7e4c.fc44	noarch
vte291	0:0.84.1-1.fc44	x86_64
vte291-gtk4	0:0.84.1-1.fc44	x86_64
vte-profile	0:0.84.1-1.fc44	x86_64
vulkan-loader	0:1.4.341.0-1.fc44	x86_64
vulkan-tools	0:1.4.341.0-1.fc44	x86_64
wavpack	0:5.9.0-2.fc44	x86_64
webkit2gtk4.1	0:2.52.5-1.fc44	x86_64
webkitgtk6.0	0:2.52.5-1.fc44	x86_64
webrtc-audio-processing	0:2.1-5.fc44	x86_64
wget2	0:2.2.1-2.fc44	x86_64
wget2-libs	0:2.2.1-2.fc44	x86_64
wget2-wget	0:2.2.1-2.fc44	x86_64
which	0:2.25-1.fc44	x86_64
whois	0:5.6.6-1.fc44	x86_64
whois-nls	0:5.6.6-1.fc44	noarch
wireguard-tools	0:1.0.20260223-1.fc44	x86_64
wireless-regdb	0:2026.09.03-1.fc44	noarch
wireplumber	0:0.5.17-1.fc44	x86_64
wireplumber-libs	0:0.5.17-1.fc44	x86_64
wl-clipboard	0:2.2.1^git20251124.e808203-2.fc44	x86_64
words	0:3.0-63.fc44	noarch
wpa_supplicant	1:2.11-9.fc44	x86_64
wsdd	0:0.8-6.fc44	noarch
xcb-util	0:0.4.1-9.fc44	x86_64
xcb-util-cursor	0:0.1.6-2.fc44	x86_64
xcb-util-image	0:0.4.1-9.fc44	x86_64
xcb-util-keysyms	0:0.4.1-9.fc44	x86_64
xcb-util-renderutil	0:0.3.10-9.fc44	x86_64
xcb-util-wm	0:0.4.2-9.fc44	x86_64
xdg-dbus-proxy	0:0.1.8-1.fc44	x86_64
xdg-desktop-portal	0:1.22.1-1.fc44	x86_64
xdg-desktop-portal-gnome	0:50.0-1.fc44	x86_64
xdg-desktop-portal-gtk	0:1.15.3-3.fc44	x86_64
xdg-user-dirs	0:0.18-11.fc43	x86_64
xdg-user-dirs-gtk	0:0.16-2.fc44	x86_64
xdg-utils	0:1.2.1-5.fc44	noarch
xdriinfo	0:1.0.7-6.fc44	x86_64
xen-libs	0:4.21.2-1.fc44	x86_64
xen-licenses	0:4.21.2-1.fc44	x86_64
xevd-libs	0:0.5.0-6.fc44	x86_64
xeve-libs	0:0.5.1-6.fc44	x86_64
xfsprogs	0:7.1.1-1.fc44	x86_64
xhost	0:1.0.9-11.fc44	x86_64
xkbcomp	0:1.5.0-2.fc44	x86_64
xkeyboard-config	0:2.47-1.fc44	noarch
xml-common	0:0.6.3-68.fc44	noarch
xmlrpc-c	0:1.60.04-5.fc44	x86_64
xmlrpc-c-client	0:1.60.04-5.fc44	x86_64
xmlsec1	1:1.2.41-4.fc44	x86_64
xmlsec1-openssl	1:1.2.41-4.fc44	x86_64
xmodmap	0:1.0.11-10.fc44	x86_64
xorg-x11-server-Xwayland	0:24.1.13-1.fc44	x86_64
xorg-x11-xauth	1:1.1.5-1.fc44	x86_64
xorg-x11-xinit	0:1.4.3-4.fc44	x86_64
xorriso	0:1.5.8-2.fc44	x86_64
xprop	0:1.2.8-5.fc44	x86_64
xrdb	0:1.2.2-7.fc44	x86_64
xvidcore	0:1.3.7-19.fc44	x86_64
xxhash-libs	0:0.8.3-4.fc44	x86_64
xz	1:5.8.2-2.fc44	x86_64
xz-libs	1:5.8.2-2.fc44	x86_64
yelp	2:49.2-1.fc44	x86_64
yelp-libs	2:49.2-1.fc44	x86_64
yelp-xsl	0:49.0-2.fc44	noarch
zchunk-libs	0:1.5.4-1.fc44	x86_64
zeromq	0:4.3.5-22.fc43	x86_64
zimg	0:3.0.6-3.fc44	x86_64
zip	0:3.0-45.fc44	x86_64
zix	0:0.8.0-2.fc44	x86_64
zlib-ng	0:2.3.3-3.fc44	x86_64
zlib-ng-compat	0:2.3.3-3.fc44	x86_64
zram-generator	0:1.2.1-5.fc44	x86_64
zram-generator-defaults	0:1.2.1-5.fc44	noarch
zsh	0:5.9-21.fc44	x86_64
zsh-autosuggestions	0:0.7.1-4.fc44	noarch
zsh-syntax-highlighting	0:0.8.0-7.fc44	noarch
zstd	0:1.5.7-5.fc44	x86_64
zvbi	0:0.2.44-3.fc44	x86_64
